-- Mock Book Data Generated from Open Library

SET FOREIGN_KEY_CHECKS = 0;
TRUNCATE TABLE BIB_Autorin_Buch;
TRUNCATE TABLE BIB_Buchexemplar;
TRUNCATE TABLE BIB_Autorin;
TRUNCATE TABLE BIB_Buch;
SET FOREIGN_KEY_CHECKS = 1;

-- Inserting Authors
INSERT INTO BIB_Autorin (id, name) VALUES (1, 'A. E. van Vogt'), (2, 'A. F. Chalmers'), (3, 'A. J. Liebling'), (4, 'A. Rushton'), (5, 'A. Sreedhara Menon'), (6, 'A.K. Dewdney'), (7, 'Abhinav Ojha'), (8, 'Adam Grant'), (9, 'Adam Silvera'), (10, 'Alan Agresti'), (11, 'Alan Bennett'), (12, 'Alan Brinkley'), (13, 'Alan Christopherson'), (14, 'Alan Dean Foster'), (15, 'Alan Dix'), (16, 'Alan H. Kvanli'), (17, 'Alan H. Strahler'), (18, 'Alan H. Watt'), (19, 'Alan Irwin'), (20, 'Alan T. Norman'), (21, 'Alan W. Scheflin'), (22, 'Albert Croll Baugh'), (23, 'Albert Einstein'), (24, 'Albert Paul Malvino'), (25, 'Alberto Manguel'), (26, 'Alexander Gelbukh'), (27, 'Alexei Panshin'), (28, 'Alfred Adler'), (29, 'Alfred Bester'), (30, 'Alfred E. Friedl'), (31, 'Alfred N. Martin'), (32, 'Alfred North Whitehead'), (33, 'Alfred Thayer Mahan'), (34, 'Alfred V. Aho'), (35, 'Alison Page'), (36, 'Allan Nevins'), (37, 'Allen B. Downey'), (38, 'Allen Kent'), (39, 'Amir Levine'), (40, 'Amor Towles'), (41, 'Amy E. Sklansky'), (42, 'Andrew Dickson White'), (43, 'Andrew S. Tanenbaum'), (44, 'Andrew Sean Greer'), (45, 'Andries P. Engelbrecht'), (46, 'Angeline Stoll Lillard'), (47, 'Ann VanderMeer'), (48, 'Anna Harrington (Romance fiction writer)'), (49, 'Anne Bernays'), (50, 'Anne McCaffrey'), (51, 'Annie Dillard'), (52, 'Annie Jacobsen'), (53, 'Anthony Burgess'), (54, 'Anthony J. Bertino'), (55, 'Apple Computer Inc.'), (56, 'Arabella B. Buckley'), (57, 'Arihant Experts (Author)'), (58, 'Arnold Hauser'), (59, 'Arnold J. Toynbee'), (60, 'Art Spiegelman'), (61, 'Arthur A. Carin'), (62, 'Arthur B. Evans'), (63, 'Arthur C. Clarke'), (64, 'Arthur Conan Doyle'), (65, 'Arthur Luehrmann'), (66, 'Arthur Marwick'), (67, 'Arundhati Roy'), (68, 'Assad Shoman'), (69, 'Atul Gawande'), (70, 'Austin Ranney'), (71, 'B. F. Skinner'), (72, 'B. R. Hergenhahn'), (73, 'B. Sheikh Ali'), (74, 'Banks, Rosie (Children''s fiction writer)'), (75, 'Barbara A. Oakley'), (76, 'Ben Bova'), (77, 'Ben Goldacre'), (78, 'Ben Shneiderman'), (79, 'Bernard W. Taylor'), (80, 'Bertrand Russell'), (81, 'Betsy Cromer Byars'), (82, 'Bill Bryson'), (83, 'Bill Nelson'), (84, 'Bill W. Tillery'), (85, 'Biological Sciences Curriculum Study'), (86, 'Brandon Sanderson'), (87, 'Brian Christian'), (88, 'Brian McHale'), (89, 'Brian W. Aldiss'), (90, 'Brian W. Kernighan'), (91, 'Brigitte Baldi'), (92, 'Briony J. Oates'), (93, 'British Science Guild.'), (94, 'Brooks, Kathleen (Writer of romance and suspense fiction)'), (95, 'Bruce Sterling'), (96, 'Bruce, F. F.'), (97, 'C. H. Edwards'), (98, 'C. James Goodwin'), (99, 'C. P. Gupta'), (100, 'C. Warren (Charles Warren) Hollister');
INSERT INTO BIB_Autorin (id, name) VALUES (101, 'Captivating History'), (102, 'Carl French'), (103, 'Carl Sagan'), (104, 'Carol Pohl'), (105, 'Cat Fitzpatrick'), (106, 'Cem Kaner'), (107, 'Central Computer & Telecommunications Agency'), (108, 'Charles D. Ghilani'), (109, 'Charles Dickens'), (110, 'Charles G. Waugh'), (111, 'Charles H. Bohner'), (112, 'Charles J. Wheelan'), (113, 'Charles P. Pfleeger'), (114, 'Charles Petzold'), (115, 'Charles Yu'), (116, 'Charters, Samuel.'), (117, 'Cheryl Mendelson'), (118, 'Chetan Bhagat'), (119, 'Chris Bernhardt'), (120, 'Chris Oxlade'), (121, 'Christopher Culpin'), (122, 'Christopher Hadnagy'), (123, 'Christopher Marlowe'), (124, 'Chuck Palahniuk'), (125, 'Cleanth Brooks'), (126, 'Clements, Alan'), (127, 'Clifford D. Simak'), (128, 'Clifford Stoll'), (129, 'Clive Barker'), (130, 'Colin Wilson'), (131, 'Colson Whitehead'), (132, 'Computer Programming Academy'), (133, 'Computer Science Computer Science Academy'), (134, 'Conklin, Groff'), (135, 'Corinne Stockley'), (136, 'Cornelis Klein'), (137, 'Cory Doctorow'), (138, 'Crispian Scully  CBE'), (139, 'Curt M. White'), (140, 'Curtis Roads'), (141, 'Cynthia Ozick'), (142, 'D. Brendan Nagle'), (143, 'D. J. Taylor'), (144, 'D. M. Hilderbrandt'), (145, 'Damodar N. Gujarati'), (146, 'Damon Knight'), (147, 'Dana Gioia'), (148, 'Daniel C. Dennett'), (149, 'Daniel Goleman'), (150, 'Daniel I. A. Cohen'), (151, 'Daniel Reisberg'), (152, 'David A. Cook'), (153, 'David A. Patterson'), (154, 'David Daiches'), (155, 'David Dirkse'), (156, 'David F. Rogers'), (157, 'David Forsyth'), (158, 'David Harel'), (159, 'David Harvey'), (160, 'David Hothersall'), (161, 'David Lodge'), (162, 'David McRaney'), (163, 'David Ray Anderson'), (164, 'David Reed'), (165, 'David Watkin'), (166, 'Dean Koontz'), (167, 'Deane Mansfield-Kelley'), (168, 'Deborah Chester'), (169, 'Deborah G. Johnson'), (170, 'Deborah Herridge'), (171, 'Deborah Jerome-Cohen'), (172, 'Deborah Lock'), (173, 'Deborah Morley'), (174, 'Deborah Russell'), (175, 'Dee Alexander Brown'), (176, 'Dennis E. Hinkle'), (177, 'Diana Palmer'), (178, 'Diane Ackerman'), (179, 'Diane Hoh'), (180, 'Dilip Kumar Das'), (181, 'Dolores Wells Pusins'), (182, 'Donald A. Norman'), (183, 'Donald H. Sanders'), (184, 'Donald Hearn'), (185, 'Donald Knuth'), (186, 'Donald R. Askeland'), (187, 'Donna Tartt'), (188, 'Doris L. Bergen'), (189, 'Douglas E. Comer'), (190, 'E. H. Gombrich'), (191, 'E. P. G. Gohl'), (192, 'Edith Wharton'), (193, 'Edmund J. Farrell'), (194, 'Edmund White'), (195, 'Edward A. Feigenbaum'), (196, 'Edward Albert'), (197, 'Edward Angel'), (198, 'Edward Gibbon'), (199, 'Edward Hallet Carr'), (200, 'Edward J. Tarbuck');
INSERT INTO BIB_Autorin (id, name) VALUES (201, 'Edward L. Ferman'), (202, 'Edward M. Hallowell'), (203, 'Edward Yardley'), (204, 'Efraim Turban'), (205, 'Eleanor Burford'), (206, 'Elisabeth Gaynor Ellis'), (207, 'Elisabetta Dami'), (208, 'Elizabeth E. Monteleone'), (209, 'Elizabeth Ewing'), (210, 'Elizabeth Ferrars'), (211, 'Elizabeth Kolbert'), (212, 'Elizabeth Strout'), (213, 'Ellen Datlow'), (214, 'Elliot L. Gilbert'), (215, 'Ellis Horowitz'), (216, 'Elsa Morante'), (217, 'Emily Nagoski'), (218, 'Engineering Sciences Data Unit.'), (219, 'Eric Foner'), (220, 'Eric R. Kandel'), (221, 'Erik Barnouw'), (222, 'Ernest F. Haeussler'), (223, 'Ernest Nagel'), (224, 'Ernest Shurtleff Holmes'), (225, 'Essential Science Pub.'), (226, 'Euclid Seeram'), (227, 'Eusebius of Caesarea, Bishop of Caesarea'), (228, 'Everett M. Rogers'), (229, 'Exurb1a'), (230, 'F. Hrangkhuma'), (231, 'Fiction'), (232, 'Fiction River'), (233, 'Fil Hunter'), (234, 'Fletcher, Banister Sir'), (235, 'Foster Provost'), (236, 'Francis D. K. Ching'), (237, 'Francis Fukuyama'), (238, 'Frank Edwards'), (239, 'Frank Herbert'), (240, 'Frank Jensen'), (241, 'Frank S. Budnick'), (242, 'Fred Halsall'), (243, 'Frederick Charles Copleston'), (244, 'Frederick Exley'), (245, 'Frederick Hartt'), (246, 'Frederick Jackson Turner'), (247, 'Frederick K. Lutgens'), (248, 'Frederick P. Brooks'), (249, 'Frederik Pohl'), (250, 'Friedrich Nietzsche'), (251, 'G. J. Schaefer'), (252, 'G. Mallinson'), (253, 'G. Michael Schneider'), (254, 'G. Stephenson'), (255, 'G. Tyler Miller'), (256, 'Gardner R. Dozois'), (257, 'Gary B. Shelly'), (258, 'Gary Gibson'), (259, 'Gary William Flake'), (260, 'Gaston Maspero'), (261, 'Gene H. Golub'), (262, 'Georg Wilhelm Friedrich Hegel'), (263, 'George Alec Effinger'), (264, 'George Beekman'), (265, 'George Bernard Shaw'), (266, 'George Boolos'), (267, 'George Brown Tindall'), (268, 'George Gamow'), (269, 'George H. Scithers'), (270, 'George Holland Sabine'), (271, 'George I. Sackheim'), (272, 'George Mann'), (273, 'George Sarton'), (274, 'George Vithoulkas'), (275, 'Gerald F. Brommer'), (276, 'Gerald M. Weinberg'), (277, 'Gerald Mast'), (278, 'Gerda Lerner'), (279, 'Gertrude Chandler Warner'), (280, 'Gilbert Keith Chesterton'), (281, 'Gilbert M. Masters'), (282, 'Giles Lytton Strachey'), (283, 'Gloria Naylor'), (284, 'Göte Klingberg'), (285, 'Grace L. Dillon'), (286, 'Grady Hendrix'), (287, 'Graham Foster'), (288, 'Graham, Paul'), (289, 'Greg Bear'), (290, 'Greg Egan'), (291, 'Gregorio F. Zaide'), (292, 'Gregory Benford'), (293, 'Grout, Donald Jay.'), (294, 'H. A. Templeton'), (295, 'H. Beam Piper'), (296, 'H. G. Wells'), (297, 'H. H. Wilson'), (298, 'H. Harvard Arnason'), (299, 'H. L. Bhatia'), (300, 'H. L. Capron');
INSERT INTO BIB_Autorin (id, name) VALUES (301, 'H. R. F. Keating'), (302, 'H. Rider Haggard'), (303, 'H. W. Janson'), (304, 'H.C. Verma'), (305, 'Hamid Khan'), (306, 'Hannah, John'), (307, 'Harold Abelson'), (308, 'Harold McGee'), (309, 'Harold Speed'), (310, 'Harris, Robert'), (311, 'Harry Harrison'), (312, 'Hayes, John P.'), (313, 'Heinrich Dumoulin'), (314, 'Heinz Dinter'), (315, 'Helen Gardner'), (316, 'Helen Sharp'), (317, 'Helon Habila'), (318, 'Henri Poincaré'), (319, 'Henry Fielding'), (320, 'Herbert Alexander Simon'), (321, 'Herbert Edward Read'), (322, 'Herbert W. Franke'), (323, 'Hillary Rodham Clinton'), (324, 'History'), (325, 'History of Thrones'), (326, 'Holt, Rinehart and Winston, Inc.'), (327, 'Houghton Mifflin Company Staff'), (328, 'Houghton Mifflin Harcourt Staff'), (329, 'Hourly History'), (330, 'Howard Pyle'), (331, 'Howard Zinn'), (332, 'Hugh Honour'), (333, 'Hugh Munro'), (334, 'Iain Banks'), (335, 'Ibram X. Kendi'), (336, 'Isaac Asimov'), (337, 'Isabel M. Hickey'), (338, 'Ivan Flores'), (339, 'J. Anderson Black'), (340, 'J. C. Johari'), (341, 'J. D. Bernal'), (342, 'J. Glenn Brookshear'), (343, 'J. Kenji López-Alt'), (344, 'J. Ochei'), (345, 'Jack D. Hidary'), (346, 'Jack Dann'), (347, 'Jack Hodgins'), (348, 'Jack McDevitt'), (349, 'Jack Vance'), (350, 'Jacob Abbott'), (351, 'Jacob Bronowski'), (352, 'Jacques Vallee'), (353, 'Jain, M. K.'), (354, 'Jake VanderPlas'), (355, 'James C. Hill'), (356, 'James E. McClellan III'), (357, 'James F. Brennan'), (358, 'James F. Kurose'), (359, 'James F. Shackelford'), (360, 'James Gleick'), (361, 'James H. Pickering'), (362, 'James Hopwood Jeans'), (363, 'James L. Hein'), (364, 'James N. Danziger'), (365, 'James Nestor'), (366, 'James W. Loewen'), (367, 'James Wood'), (368, 'Janet Burroway'), (369, 'Janice Thompson'), (370, 'Jax (Writer of erotic fiction)'), (371, 'Jay A. Siegel'), (372, 'Jay H. Withgott'), (373, 'Jay Ingram'), (374, 'Jean Kincaid (Romance fiction writier)'), (375, 'Jean Loup Baer'), (376, 'Jean Robertson'), (377, 'Jean-Henri Fabre'), (378, 'Jean-Paul Tremblay'), (379, 'Jeanette Winterson'), (380, 'Jeanne Bendick'), (381, 'Jeff Chang'), (382, 'Jeff VanderMeer'), (383, 'Jennifer Campbell'), (384, 'Jennifer T. Campbell'), (385, 'Jerome Stern'), (386, 'Jesmyn Ward'), (387, 'Jewelle Gomez'), (388, 'Jill Lepore'), (389, 'Jimmy Buffett'), (390, 'Jiyuan Tu'), (391, 'Joan Cass'), (392, 'Joan Didion'), (393, 'Joan Welkowitz'), (394, 'Joe Haldeman'), (395, 'Joel Grus'), (396, 'Joel H. Ferziger'), (397, 'John Barth'), (398, 'John Clute'), (399, 'John D. Clark'), (400, 'John E. Hopcroft');
INSERT INTO BIB_Autorin (id, name) VALUES (401, 'John G. Kemeny'), (402, 'John Gardner'), (403, 'John Gerard'), (404, 'John Guttag'), (405, 'John H. Mathews'), (406, 'John Hope Franklin'), (407, 'John J. Ratey'), (408, 'John Keay'), (409, 'John Keegan'), (410, 'John L. Hennessy'), (411, 'John Lewis Gaddis'), (412, 'John M. Barry'), (413, 'John M. Merriman'), (414, 'John M. Zelle'), (415, 'John Norman'), (416, 'John P. Hayes'), (417, 'John Pile'), (418, 'John R. Vacca'), (419, 'John S. Conery'), (420, 'John S. Holman'), (421, 'John V. Guttag'), (422, 'John Von Neumann'), (423, 'John W. Campbell'), (424, 'John Wade Foster'), (425, 'Jonathan Strahan'), (426, 'Jorge Luis Borges'), (427, 'Joseph S. Nye'), (428, 'Josepha Sherman'), (429, 'José Maminta Aruego'), (430, 'Joshua Cole'), (431, 'Joshua Foer'), (432, 'Josip Novakovich'), (433, 'Jostein Gaarder'), (434, 'José Luis Bermúdez'), (435, 'Joy Hakim'), (436, 'Judea Pearl'), (437, 'Judith Kay'), (438, 'Judith L. Gersting'), (439, 'Judy Waite'), (440, 'Julie Anne Peters'), (441, 'June Jamrich Parsons'), (442, 'Jyh-Shing Roger Jang'), (443, 'Kai Hwang'), (444, 'Kamaljeet Sanghera'), (445, 'Karen Arms'), (446, 'Karen Armstrong'), (447, 'Karl J. Åström'), (448, 'Kartar Singh.'), (449, 'Kate Atkinson'), (450, 'Katie Hafner'), (451, 'Katty Kay'), (452, 'Kay Lawson'), (453, 'Ken Liu'), (454, 'Kennedy, X. & Gioia, D.'), (455, 'Kenneth C. Laudon'), (456, 'Kenny B. Lipkowitz'), (457, 'Kevin Shillington'), (458, 'Kip R. Irvine'), (459, 'Kip S. Thorne'), (460, 'Krishna Kant'), (461, 'Kristin Thompson'), (462, 'Kurt Vonnegut'), (463, 'L. Ron Hubbard'), (464, 'Larry Niven'), (465, 'Larry S. Pozner'), (466, 'Laura Martin (Romance fiction writer)'), (467, 'Laurie Vickroy'), (468, 'Lawrence H. Miller'), (469, 'Lawrence H. Van Vlack'), (470, 'Leonard Michaels'), (471, 'Lerone Bennett'), (472, 'Lesbian History Group'), (473, 'Leszek Rutkowski'), (474, 'Lewin, Kurt'), (475, 'Lewis Mumford'), (476, 'Lewis Spence'), (477, 'Lillian Pierson'), (478, 'Linda Null'), (479, 'Lionel Sandner'), (480, 'Logan Ury'), (481, 'Lois E. Romans'), (482, 'Lori A. Smolin'), (483, 'Louis D. Giannetti'), (484, 'M. Morris Mano'), (485, 'Madeline Miller'), (486, 'Mahesh Yogi Maharishi.'), (487, 'Mairi St.Clair'), (488, 'Maja Lunde'), (489, 'Manning, Peter'), (490, 'Marc Brown'), (491, 'Marc M. Triola'), (492, 'Margaret Kirkham'), (493, 'Margaret L. Lial'), (494, 'Maria L. Rizzo'), (495, 'Marie Darrieussecq'), (496, 'Marilyn Stokstad'), (497, 'Marjorie Frank'), (498, 'Mark C. Gridley'), (499, 'Mark Costanzo'), (500, 'Mark Kurlansky');
INSERT INTO BIB_Autorin (id, name) VALUES (501, 'Mark Levesley'), (502, 'Mark Q. Sutton'), (503, 'Mark Twain'), (504, 'Marlon James'), (505, 'Marshall C. Yovits'), (506, 'Martin B. Duberman'), (507, 'Martin Booth'), (508, 'Marvin Minsky'), (509, 'Marvin Perry'), (510, 'Marvin V. Zelkowitz'), (511, 'Mary Baker Eddy'), (512, 'Mary L. Boas'), (513, 'Mary Roach'), (514, 'Mary Wollstonecraft'), (515, 'Matt Bishop'), (516, 'Matthew Battles'), (517, 'Maurice Charney'), (518, 'Max Brooks'), (519, 'Maxim Jakubowski'), (520, 'McGraw-Hill'), (521, 'Mian Goverdhan Singh'), (522, 'Michael A. Hiltzik'), (523, 'Michael A. Nielsen'), (524, 'Michael Bronski'), (525, 'Michael Crick'), (526, 'Michael Gazzaniga'), (527, 'Michael J. Padilla'), (528, 'Michael J. Quinn'), (529, 'Michael Legat'), (530, 'Michael Martone'), (531, 'Michael Pollan'), (532, 'Michael Roskin'), (533, 'Michael Sipser'), (534, 'Michael Streeter'), (535, 'Michael T. Goodrich'), (536, 'Michael T. Heath'), (537, 'Michel Foucault'), (538, 'Miguel de Cervantes Saavedra'), (539, 'Mikell P. Groover'), (540, 'Misty E. Vermaat'), (541, 'Mitchell Stephens'), (542, 'Mohammad Reza Shah Pahlavi'), (543, 'Montague Summers'), (544, 'Mowadat H. Rana'), (545, 'Mr. Kevin P Hare'), (546, 'Muḥammad Raz̤ā Kāẓmī'), (547, 'N. David Mermin'), (548, 'N. R. Shetty'), (549, 'Naoise Dolan'), (550, 'Naomi Alderman'), (551, 'Naomi Rosenblum'), (552, 'Narciso Garcia'), (553, 'Nate Silver'), (554, 'Neal Stephenson'), (555, 'Neil Gaiman'), (556, 'Nell B. Dale'), (557, 'Nell Irvin Painter'), (558, 'Nelson Goodman'), (559, 'Niall Ferguson'), (560, 'Nicholas Valentine Riasanovsky'), (561, 'Nick Singh'), (562, 'Nicole Forsgren'), (563, 'Nicole Krauss'), (564, 'Nigel Kelly'), (565, 'Nigel Smith'), (566, 'Nikhil Raj'), (567, 'Nikolaus Pevsner'), (568, 'Nina Godpole'), (569, 'Noam Nisan'), (570, 'Nobert Young'), (571, 'Noel Kalicharan'), (572, 'Non Fiction'), (573, 'Non-Fiction'), (574, 'Nora Roberts'), (575, 'Norma D. Mullen'), (576, 'Norman Biggs'), (577, 'Norman Doidge'), (578, 'Norman Mailer'), (579, 'Norman N. Potter'), (580, 'Nuffield-Chelsea Curriculum Trust'), (581, 'Obaro Ikime'), (582, 'Octavia E. Butler'), (583, 'Oliver Goldsmith'), (584, 'Olivia Fox Cabane'), (585, 'Om Swami'), (586, 'Orest Subtelny'), (587, 'Orson Scott Card'), (588, 'Oscar G. Brockett'), (589, 'Oswaal Editorial Board'), (590, 'P. Cornelius Tacitus'), (591, 'P. D. James'), (592, 'P. M. Gaman'), (593, 'P.K. Sinha'), (594, 'Pat H. Sterbenz'), (595, 'Patricia Curtis Pfitsch'), (596, 'Patricia Highsmith'), (597, 'Patricia S. Warrick'), (598, 'Patricia Waugh'), (599, 'Patrick Califia'), (600, 'Patrick J. Sinko');
INSERT INTO BIB_Autorin (id, name) VALUES (601, 'Patrick Parrinder'), (602, 'Paul Auster'), (603, 'Paul E. Ceruzzi'), (604, 'Paul Freiberger'), (605, 'Paul J. Deitel'), (606, 'Paul S. Boyer'), (607, 'Paul Shuter'), (608, 'Paula Geyh'), (609, 'Percy Lubbock'), (610, 'Peter Attia'), (611, 'Peter Bishop'), (612, 'Peter C. Brown'), (613, 'Peter Carey'), (614, 'Peter Frankopan'), (615, 'Peter Haugen'), (616, 'Peter Hollins'), (617, 'Peter J. Denning'), (618, 'Peter Norton'), (619, 'Peter Shirley'), (620, 'Peter Van Roy'), (621, 'Peter Von Sivers'), (622, 'Petr Beckmann'), (623, 'Philip B. Meggs'), (624, 'Philip J. Irving'), (625, 'Philip José Farmer'), (626, 'Philip K. Dick'), (627, 'Philip Roth'), (628, 'Quentin Tarantino'), (629, 'R. F. Kuang'), (630, 'R. N. Dhar'), (631, 'R. R. Palmer'), (632, 'R. V. Cassill'), (633, 'Raj Kamal'), (634, 'Rajendra Kumar'), (635, 'Rajesh P. N. Rao'), (636, 'Rajkumar Buyya'), (637, 'Ralf Steinmetz'), (638, 'Ramachandra Guha'), (639, 'Randal Bryant'), (640, 'Randal E. Bryant'), (641, 'Randel Helms'), (642, 'Randell, Beverley'), (643, 'Randy Ingermanson'), (644, 'Ray Bradbury'), (645, 'Raymond A. Barnett'), (646, 'Raúl Rojas'), (647, 'Reay Tannahill'), (648, 'Reema Thareja'), (649, 'Renni Browne'), (650, 'Rhoads Murphey'), (651, 'Rhona Martin'), (652, 'Richard Bausch'), (653, 'Richard C. Dorf'), (654, 'Richard Hamming'), (655, 'Richard Hollis'), (656, 'Richard Phillips Feynman'), (657, 'Richard Powers'), (658, 'Richard Rothstein'), (659, 'Richard Rubin'), (660, 'Richard Saferstein'), (661, 'Richard Storry'), (662, 'Richard Y. Kain'), (663, 'Rita Williams-Garcia'), (664, 'Rituparna Chaki'), (665, 'Robert A. Baron'), (666, 'Robert A. Heinlein'), (667, 'Robert B. Cialdini'), (668, 'Robert Coover'), (669, 'Robert DiYanni'), (670, 'Robert E. McGinn'), (671, 'Robert H. Blissmer'), (672, 'Robert J. Bent'), (673, 'Robert J. Hunter'), (674, 'Robert M. Haralick'), (675, 'Robert M. Sapolsky'), (676, 'Robert McCullough'), (677, 'Robert Shapard'), (678, 'Robert Silverberg'), (679, 'Robert Swindells'), (680, 'Robert T. DeHoff'), (681, 'Roger Eatwell'), (682, 'Roger R. Flynn'), (683, 'Roger Zelazny'), (684, 'Romila Thapar'), (685, 'Ron White'), (686, 'Ronald L. Graham'), (687, 'Ronald Takaki'), (688, 'Rosalind W. Picard'), (689, 'Ross Vasta'), (690, 'Roxanne Dunbar Ortiz'), (691, 'Rubin H. Landau'), (692, 'Ruth Maran'), (693, 'S. Bennett'), (694, 'S. Kant Vajpayee'), (695, 'S. L. Baruah'), (696, 'S. M. H. Collin'), (697, 'S. M. Stirling'), (698, 'S.A Lebedev'), (699, 'Sadeqa Johnson'), (700, 'Sam Harris');
INSERT INTO BIB_Autorin (id, name) VALUES (701, 'Samir Okasha'), (702, 'Samuel Enoch Stumpf'), (703, 'Samuel Johnson'), (704, 'Samuel Noah Kramer'), (705, 'Samuel R. Delany'), (706, 'Sanjeev Arora'), (707, 'Sara Baase'), (708, 'Sarah Harris'), (709, 'Sarah Hutchinson-Clifford'), (710, 'Scott Aaronson'), (711, 'Scott Freeman'), (712, 'Sean Ahlquist'), (713, 'Seymour Papert'), (714, 'Sheree Renée Thomas'), (715, 'Sherman E. Lee'), (716, 'Sheryl Lindsell-Roberts'), (717, 'Shirley Foster'), (718, 'Shlomith Rimmon-Kenan'), (719, 'Siddhartha Mukherjee'), (720, 'Sidney Siegel'), (721, 'Sio-Iong Ao'), (722, 'Sir Horace Lamb'), (723, 'Spiro Kostof'), (724, 'Stanisław Lem'), (725, 'Stanley A. Wolpert'), (726, 'Stanley Karnow'), (727, 'Stanton, Robert'), (728, 'Stephen Baxter'), (729, 'Stephen Cavalier'), (730, 'Stephen Fry'), (731, 'Stephen Hawking'), (732, 'Stephen Leacock'), (733, 'Stephen Minot'), (734, 'Stephen Mitford Goodson'), (735, 'Stephen Ullmann'), (736, 'Stephen Wolfram'), (737, 'Steve Wozniak'), (738, 'Steven E. Koonin'), (739, 'Steven Harrington'), (740, 'Steven Heller'), (741, 'Steven Johnson'), (742, 'Steven L. Brecher'), (743, 'Steven L. Mandell'), (744, 'Steven Levitsky'), (745, 'Steven Levy'), (746, 'Steven Pinker'), (747, 'Stewart C. Bushong'), (748, 'Stewart Ross'), (749, 'Stuart E. Madnick'), (750, 'Stuart K. Card'), (751, 'Stuart Ritchie'), (752, 'Studs Terkel'), (753, 'Sumita Arora'), (754, 'Sunetra Roday'), (755, 'Surapāla'), (756, 'Susan Cahill'), (757, 'Susan Stryker'), (758, 'Susannah Gardner'), (759, 'Sylvan Barnet'), (760, 'Tae Keller'), (761, 'Technical Education and Management, Inc.'), (762, 'Ted Gioia'), (763, 'Ted Nelson'), (764, 'Teju Cole'), (765, 'Teodoro A. Agoncillo'), (766, 'Terrell Ward Bynum'), (767, 'Terry Pratchett'), (768, 'Theodore L. Brown'), (769, 'Thomas A. Sudkamp'), (770, 'Thomas Babington Macaulay'), (771, 'Thomas C. Bartee'), (772, 'Thomas Carlyle'), (773, 'Thomas Henry Huxley'), (774, 'Thomas L. Friedman'), (775, 'Thomas S. Clary'), (776, 'Thomas, James'), (777, 'Thucydides'), (778, 'Tiffany-Anne Timbers'), (779, 'Tim O''Brien'), (780, 'Timothy J. O''Leary'), (781, 'Timothy N. Trainor'), (782, 'Tom Manoff'), (783, 'Tom Robb'), (784, 'Tom S. Garrison'), (785, 'Tom Walters'), (786, 'Toni Morrison'), (787, 'Tony Tulathimutte'), (788, 'Torrey Peters'), (789, 'Umberto Eco'), (790, 'Ursula K. Le Guin'), (791, 'V. Carl Hamacher'), (792, 'V. Gordon Childe'), (793, 'V. R. Gowariker'), (794, 'V. Rajaram'), (795, 'V. Rajaraman'), (796, 'Vaclav Smil'), (797, 'Vasant Lad'), (798, 'Viet Thanh Nguyen'), (799, 'Vikas Swarup'), (800, 'Vincent P. Heuring');
INSERT INTO BIB_Autorin (id, name) VALUES (801, 'Virgo (Urban fiction writer)'), (802, 'Vivek Kulkarni'), (803, 'W. Daniel Hillis'), (804, 'W. P. Kenney'), (805, 'W. Phillips Shively'), (806, 'Walidah Imarisha'), (807, 'Wallace D. Wattles'), (808, 'Walter A. Thurber'), (809, 'Walter S. Tevis'), (810, 'Wayne C. Booth'), (811, 'Wendell L. French'), (812, 'Werner Heisenberg'), (813, 'Whit Burnett'), (814, 'Will Durant'), (815, 'Willard R. Zemlin'), (816, 'William Beckford'), (817, 'William Cooper'), (818, 'William D. Callister'), (819, 'William Dean Howells'), (820, 'William E. Fassett'), (821, 'William F. Nolan'), (822, 'William Fortune Smith'), (823, 'William Gibson'), (824, 'William H. Gass'), (825, 'William Henry Scott'), (826, 'William J. Cooper'), (827, 'William K. Esler'), (828, 'William Kenney'), (829, 'William Kern'), (830, 'William L. Shirer'), (831, 'William P. Cunningham'), (832, 'William Robertson'), (833, 'William Stallings'), (834, 'William Stanley Jevons'), (835, 'Winifred Aldrich'), (836, 'Winston S. Churchill'), (837, 'Wladston Ferreira Filho'), (838, 'Wucius Wong'), (839, 'Y. Masih'), (840, 'Yogi Ramacharaka'), (841, 'Yoram Koren'), (842, 'Yunus A. Çengel'), (843, 'Yuval Noah Harari'), (844, 'Ἡρόδοτος');

-- Inserting Books
INSERT INTO BIB_Buch (id, titel) VALUES (1, 'Computer Networks'), (2, 'Advances in Computers, Volume 49 (Advances in Computers)'), (3, 'Hackers'), (4, 'Computer Concepts'), (5, 'Computer science'), (6, 'The art of computer programming'), (7, 'Code'), (8, 'How computers work'), (9, 'Computer organization'), (10, 'Algorithms to Live By'), (11, 'Computer networking'), (12, 'Structure and Interpretation of Computer Programs (SICP)'), (13, 'Computer Science'), (14, 'Advances in Computers'), (15, 'Fundamentals of Computers'), (16, 'Digital computer fundamentals'), (17, 'Mathematical structures for computer science'), (18, 'Arthur''s Computer Disaster'), (19, 'Structured Computer Organization'), (20, 'Invitation to Computer Science'), (21, 'Computer Confluence'), (22, 'Digital computer electronics'), (23, 'Mathematics for Computer Technology'), (24, 'Reconfigurable Processor Array A Bit Sliced Parallel Computer (USA)'), (25, 'Interactive Computing Series'), (26, 'Hackers & painters'), (27, 'Introducing Computers'), (28, 'Computer organization and architecture'), (29, 'The principles of computer hardware'), (30, 'Computer Science Distilled'), (31, 'Mathematical Elements for Computer Graphics'), (32, 'Computer ethics and professional responsibility'), (33, 'Computer architecture and organisation'), (34, 'Computer Organization and Design'), (35, 'Security in computing'), (36, 'Junkyard Planet'), (37, 'Computers!'), (38, 'Computer system architecture'), (39, 'Computer systems'), (40, 'Quantum Computing Since Democritus'), (41, 'Computer ethics'), (42, 'Data communications, computer networks, and open systems'), (43, 'Transactions on Engineering Technologies'), (44, 'Operating systems'), (45, 'Computer graphics'), (46, 'Automation, Production Systems, and Computer-Integrated Manufacturing'), (47, 'The psychology of computer programming'), (48, 'Quantum computation and quantum information'), (49, 'Computer Fundamentals and Programming in C'), (50, 'Mindstorms'), (51, 'Introduction to automata theory, languages, and computation'), (52, 'The computer and the brain'), (53, 'Data and Computer Communications'), (54, 'Logic and Computer Design Fundamentals'), (55, 'Perceptrons'), (56, 'Computer Fundamentals'), (57, 'Multimedia'), (58, 'Advanced Computing and Systems for Security'), (59, 'Computer networks and internets'), (60, 'Think Python'), (61, 'Computer Based Industrial Control'), (62, 'BASIC'), (63, 'The Cuckoo’s Egg'), (64, 'Human-computer interaction'), (65, 'Artificial Intelligence and Soft Computing'), (66, 'Computer architecture'), (67, 'Computer applications in pharmacy'), (68, 'Computer security'), (69, 'Physics for Computer Science Students'), (70, 'Fundamentals of Computing'), (71, 'English for computer science'), (72, 'Computational fluid dynamics'), (73, 'Computer Architecture and Organization'), (74, 'The Mystery in the Computer Game'), (75, 'Advanced Computer Architecture'), (76, 'Visual design on the computer'), (77, 'Understanding Computers 2000'), (78, 'Cloud computing'), (79, 'Discovering computers'), (80, 'The essentials of computer organization and architecture'), (81, 'Concrete mathematics'), (82, 'Basic econometrics'), (83, 'Computer organization and design'), (84, 'Computer Networking'), (85, 'Understanding Computers'), (86, 'Oxford International Primary Computing'), (87, 'Computer Concepts and Management Information Systems'), (88, 'Introduction to business statistics'), (89, 'Dealers of Lightning'), (90, 'Computer Programming : This Book Includes'), (91, 'Computer networks'), (92, 'Discovering Computers 2018'), (93, 'The Computer Connection'), (94, 'Introduction to Computational Chemistry'), (95, 'Beating the races with a computer'), (96, 'Understanding computers'), (97, 'Computers'), (98, 'Assembly language for Intel-based computers'), (99, 'Computation: finite and infinite machines'), (100, 'Computer systems design and architecture');
INSERT INTO BIB_Buch (id, titel) VALUES (101, 'An introduction to computer science'), (102, 'Computer concepts basics'), (103, 'Computer science illuminated'), (104, 'Languages and machines'), (105, 'Computer Sciences'), (106, 'Computer Security Basics'), (107, 'Mastering computer typing'), (108, 'Computability and logic'), (109, 'Computer Science With C++ Class'), (110, '3D computer graphics'), (111, 'Computational physics'), (112, 'The Fifth Generation'), (113, 'Quantum Computing for Everyone'), (114, 'Explorations in computing'), (115, 'CAD/CAM'), (116, 'Real-time computer control'), (117, 'Reviews in computational chemistry'), (118, 'The music kit'), (119, 'The History of Computers'), (120, 'Computer Science Principles'), (121, 'Cloud Computing'), (122, 'Technology for Success'), (123, 'Digital Design and Computer Architecture'), (124, 'The  planiverse'), (125, 'Algorithmics'), (126, 'New perspectives on computer concepts'), (127, 'Computer graphics with OpenGL'), (128, 'Designing the user interface'), (129, 'Computational physics, FORTRAN version'), (130, 'Computer programming'), (131, 'A Balanced Introduction to Computer Science'), (132, 'Computers today'), (133, 'Introduction to computer security'), (134, 'Computational Linguistics and Intelligent Text Processing'), (135, 'Introduction To Computation And Programming Using Python'), (136, 'Introduction to the theory of computation'), (137, 'Numerical methods for scientific and engineering computation'), (138, 'Cyber Security'), (139, 'Computer and robot vision'), (140, 'Scientific Computing'), (141, 'Computer Organization and Architecture'), (142, 'Dictionary of computing'), (143, 'Testing computer software'), (144, 'Horizons in computer science research'), (145, 'Vector putting'), (146, 'Introduction to computer theory'), (147, 'Statistical computing with R'), (148, 'Introduction to computers'), (149, 'Python'), (150, 'Quantum Computer Science'), (151, 'Computergraphik, Computerkunst'), (152, 'Computer Organization and Design RISC-V Edition'), (153, 'Feynman lectures on computation'), (154, 'Computing fundamentals'), (155, 'Concepts, techniques, and models of computer programming'), (156, 'Guide to computer forensics and investigations'), (157, 'Interaction design'), (158, 'Iwoz - Computer Geek to Cult Icon'), (159, 'Information Systems Guides (CCTA Information Systems Guides)'), (160, 'Fundamentals of Computer Graphics'), (161, 'Python programming'), (162, 'Introduction to the Theory of Computation'), (163, 'Computer Forensics'), (164, 'Digital logic and computer design'), (165, 'Computer Architecture'), (166, 'The Computational Beauty of Nature'), (167, 'Computer basics'), (168, 'The pattern on the stone'), (169, 'Computers and information processing'), (170, 'Computer literacy'), (171, 'Computing Information Directory, 1996'), (172, 'The  (new) turing omnibus'), (173, 'Computer control of manufacturing systems'), (174, 'The Practice of Programming (Addison-Wesley Professional Computing Series)'), (175, 'Principles of Computer Integrated Manufacturing'), (176, 'Computed tomography'), (177, 'Parallel computing'), (178, 'Computer vision'), (179, 'Peter Norton''s Introduction to Computers'), (180, 'Elements of Computing Systems'), (181, 'Inside Macintosh'), (182, 'Machines That Think'), (183, 'Computer aided power system operation and analysis'), (184, 'Computer Lib/Dream Machines'), (185, 'Adjustment computations'), (186, 'Computing Science'), (187, 'Understanding Computers Today and Tomorrow'), (188, 'Python Programming : This Book Includes'), (189, 'The psychology of human-computer interaction'), (190, 'Man and the computer'), (191, 'Computer Simplified'), (192, 'Foundations of computer science'), (193, 'The Internet Con'), (194, 'Encyclopedia of computers and computer history'), (195, 'Quantum Computing'), (196, 'The Elements of Computing Systems'), (197, 'Computer Hacking Beginners Guide'), (198, 'Computer systems architecture'), (199, 'Cyberpunk'), (200, 'Introduction to computers and computer science');
INSERT INTO BIB_Buch (id, titel) VALUES (201, 'Introduction to computing'), (202, 'An Introduction to Computer Studies'), (203, 'The computer music tutorial'), (204, 'Computing'), (205, 'Computer algorithms'), (206, 'Computational Thinking'), (207, 'Brain-Computer Interfacing'), (208, 'Computing Essentials 2004 Intro w/ PowerWeb & Interactive Companion'), (209, 'Researching Information Systems and Computing'), (210, 'Computational complexity'), (211, 'Differential equations and boundary value problems'), (212, 'Mobile Computing'), (213, 'Computer Security'), (214, 'Computer Oriented Numerical Methods'), (215, 'Matrix computations'), (216, 'Computer-controlled systems'), (217, 'Computers, communications, and information'), (218, 'CISSP for dummies'), (219, 'Computer Systems: A Programmer''s Perspective (3rd Edition)'), (220, 'Neuro-fuzzy and soft computing'), (221, 'Computer algorithms/C++'), (222, 'Discrete structures, logic, and computability'), (223, 'Theory of Computation'), (224, 'Metric pattern cutting for menswear'), (225, 'Theory of Automata, Languages & Computation'), (226, 'Art of Computer Programming, Volume 3'), (227, 'Computational Intelligence'), (228, 'Interactive computer graphics'), (229, 'Introduction to Computation and Programming Using Python, third edition'), (230, 'Floating-point computation'), (231, 'Fire in the valley'), (232, 'Blogging for dummies'), (233, 'Emerging Research in Computing, Information, Communication and Applications'), (234, 'Data Communications and Computer Networks'), (235, 'Redes de computadores'), (236, 'Electronic and computer music'), (237, 'Discrete mathematical structures with applications to computer science'), (238, 'Computational Design Thinking'), (239, 'Computational methods for fluid dynamics'), (240, 'The Computer Nut'), (241, 'Advances in computers'), (242, 'The Design of Design'), (243, 'iWoz'), (244, 'The Design and Analysis of Computer Algorithms'), (245, 'Computer Engineering'), (246, 'Discovering Computers 2023'), (247, 'The invisible computer'), (248, 'Computer Math and Games in Pascal'), (249, 'Affective Computing'), (250, 'Computed tomography for technologists'), (251, 'Chemistry'), (252, 'The science of getting rich, or, financial success through creative thought'), (253, 'Chaos'), (254, 'Fundamentals Of Electricity And Magnetism'), (255, 'Great Sf Heinlein Bxs'), (256, 'Influence'), (257, 'Bad Science'), (258, 'Make It Stick'), (259, 'Environmental science'), (260, 'The Intelligent Man''s Guide to Science'), (261, 'Earth science'), (262, 'Moonwalking with Einstein'), (263, 'Materials science and engineering'), (264, 'Foundation Science Physics for Class 9'), (265, 'The Science Fiction Hall of Fame -- Volume One'), (266, 'Environmental Science'), (267, 'The Science of Discworld'), (268, 'Holt science & technology life science.'), (269, 'The science of nutrition'), (270, 'Introductory Mathematical Analysis'), (271, 'Applied mathematics for business, economics, and the social sciences'), (272, 'Silver Burdett science'), (273, 'Introduction to environmental engineering and science'), (274, 'Breath'), (275, 'Food science'), (276, 'Archimedes and the door of science'), (277, 'Biological science'), (278, 'Enlightenment now'), (279, 'Introductory statistics for the behavioral sciences'), (280, 'Power and Choice'), (281, 'Cryptonomicon'), (282, 'Social Engineering'), (283, 'Holt Environmental Science'), (284, 'The science of everyday life'), (285, 'Psychology'), (286, 'Packing for Mars'), (287, 'All In One Science Class 9th'), (288, 'Houghton Mifflin Science'), (289, 'Criminalistics'), (290, 'A Mind for Numbers'), (291, 'Field theory in social science'), (292, 'Biological Science'), (293, 'Introduction to materials science for engineers'), (294, 'Hothouse'), (295, 'Statistical methods for the social sciences'), (296, 'Science and education'), (297, 'Bonk'), (298, 'Spook'), (299, 'Data science from scratch'), (300, 'Science and technology in world history');
INSERT INTO BIB_Buch (id, titel) VALUES (301, 'Science and the modern world'), (302, 'Mathematical Methods in the Physical Sciences'), (303, 'The Food Lab'), (304, 'Elements of materials science and engineering, 6th edition'), (305, 'Social Intelligence'), (306, 'La science et l''hypothèse'), (307, 'Slan'), (308, 'Exploring life science'), (309, 'Attached'), (310, 'Nutrition'), (311, 'Data Science'), (312, 'Come as you are'), (313, 'Outlive'), (314, 'Textile science'), (315, 'A new kind of science'), (316, 'Foundation'), (317, 'Fröhliche Wissenschaft'), (318, 'Data Science for Business'), (319, 'Numerical methods for mathematics, science, and engineering'), (320, 'Genius'), (321, 'Physics and philosophy'), (322, 'To your scattered bodies go'), (323, 'Discrete mathematics'), (324, 'The Globe'), (325, 'Science For Fun'), (326, 'On food and cooking'), (327, 'Introduction to management science'), (328, 'Ayurveda'), (329, 'Martin''s physical pharmacy pharmaceutical sciences'), (330, 'Radiologic Science for Technologists'), (331, 'The Moral Landscape'), (332, 'Polymer science'), (333, 'Principles of materials science and engineering'), (334, 'Science and human behaviour'), (335, 'The Science of Interstellar'), (336, 'Religion and science'), (337, 'Encyclopedia of Library and Information Science'), (338, 'Principles of political science'), (339, 'Radiologic science for technologists'), (340, 'Houghton Mifflin Science California'), (341, 'The science of being great'), (342, 'The charisma myth'), (343, 'The science of being and art of living'), (344, 'The Demon-Haunted World'), (345, 'Science Bug'), (346, 'Data science for dummies'), (347, 'Shapes in the Sky'), (348, 'Accelerate'), (349, 'Child psychology'), (350, 'The science of food'), (351, 'The science and engineering of materials'), (352, 'Forbidden science'), (353, 'Exploring Science'), (354, 'The sweet science'), (355, 'Pathways Through Science (Nuffield Modular Science)'), (356, 'Chemistry for the health sciences'), (357, 'Essential Oils Desk Reference'), (358, 'Physical science'), (359, 'Complications'), (360, 'The Brain That Changes Itself'), (361, 'Hidden Potential'), (362, 'The science of living'), (363, 'Gold'), (364, 'Science, technology, and society'), (365, 'Stranger than science'), (366, 'Rocket science'), (367, 'Environment'), (368, 'The art of doing science and engineering'), (369, 'Foundations of earth science'), (370, 'Nonparametric statistics for the behavioral sciences'), (371, 'Biological Science 1 and 2 (Advanced Biology)'), (372, 'Oxford Handbook of Applied Dental Sciences (Medicine)'), (373, 'Microbiology'), (374, 'The practice & science of drawing'), (375, 'The Foundation Trilogy'), (376, '100 Great Science Fiction Short Short Stories'), (377, 'The human polity'), (378, 'The Usborne illustrated dictionary of science'), (379, 'Ace the Data Science Interview'), (380, 'Home Comforts'), (381, 'The Science of Being Well'), (382, 'Principles of Modern Political Science'), (383, 'Science & music'), (384, 'Solutions Manual for Thermodynamics in Materials Science'), (385, 'Wild seed'), (386, 'Forensic Science'), (387, 'Darwin''s Watch'), (388, 'The common sense of science'), (389, 'Science and Method (Key Texts)'), (390, 'Prentice Hall science explorer'), (391, 'A handbook of behavioural sciences for medical & dental students'), (392, 'Principles of neural science'), (393, 'The language of the night'), (394, 'Citizen Science'), (395, 'Foundations of library and information science'), (396, 'Earthlight'), (397, 'Surapala''s Vrikshayurveda'), (398, 'Mein Weltbild'), (399, 'An encyclopædia of occultism'), (400, 'Christian Science');
INSERT INTO BIB_Buch (id, titel) VALUES (401, 'Nightwings'), (402, 'Grunt'), (403, 'Organization development'), (404, 'Deathworld 1'), (405, 'How to Not Die Alone'), (406, 'Physical pharmacy'), (407, 'Mathematical methods for science students'), (408, 'Cognition'), (409, 'Blood Music'), (410, 'Forensic science'), (411, 'The Ancient Science of Mantras'), (412, 'Mathematics with applications'), (413, 'Integrated science'), (414, 'The structure of science'), (415, 'Food Science And Nutrition'), (416, 'Science in history'), (417, 'Dianetics, the modern science of mental health'), (418, 'Medical Laboratory Science'), (419, 'The science of homeopathy'), (420, 'What is this thing called science?'), (421, 'The sciences of the artificial'), (422, 'Engineering sciences data'), (423, 'The story-book of science'), (424, 'Foundation Science Physics for Class - 1'), (425, 'Introductory Soil Science'), (426, 'Judgement Day'), (427, 'The impact of science on society'), (428, 'Harcourt Science'), (429, 'Houghton Mifflin Science Leveled Readers'), (430, 'Student''s Guide to Chemistry, The Central Science'), (431, 'How to Change Your Mind'), (432, 'The fabulous riverboat'), (433, 'The Confidence Code'), (434, 'Cross-Examination'), (435, 'The Book of Why'), (436, 'Applied statistics for the behavioral sciences'), (437, 'Fundamentals of thermal-fluid sciences'), (438, 'Science fiction'), (439, 'Psychological Science'), (440, 'One, two, three ... infinity'), (441, 'The Signal and the Noise'), (442, 'The 23rd edition of the manual of mineral science'), (443, 'How to Write Science Fiction & Fantasy'), (444, 'Rehab Science'), (445, 'Determined'), (446, 'Axiomatic'), (447, 'Foundations of colloid science'), (448, 'Science and Technology in Society'), (449, 'Addison Wesley science 10'), (450, 'Oceanography'), (451, 'A history of the warfare of science with theology in Christendom'), (452, 'The science of breakable things'), (453, 'Oswaal CBSE Question Bank Class 10 Science Chapterwise & Topicwise Includes Objective Types & MCQ''s'), (454, 'The Practice of statistics in the life sciences'), (455, 'The Fairyland of Science'), (456, 'Fundamentals of management science'), (457, 'Science and health'), (458, 'Invisible Planets'), (459, 'Physical Geography'), (460, 'Applied mathematics for business, economics, life sciences, and social sciences'), (461, 'Astrology'), (462, 'Teaching science to children'), (463, 'Political science'), (464, 'Expedition to Earth'), (465, 'Teaching elementary science'), (466, 'Ringworld'), (467, 'Harcourt science'), (468, 'Mockingbird'), (469, 'Mechanical engineering science'), (470, 'The Wesleyan anthology of science fiction'), (471, 'Semantics'), (472, 'Survivor'), (473, 'La valeur de la science'), (474, 'Consciousness explained'), (475, 'Science Leveled Readers'), (476, 'Naked Economics'), (477, 'Dark Psychology and Manipulation'), (478, 'Cognitive science'), (479, 'Spark'), (480, 'Philosophy of Science'), (481, 'Montessori'), (482, 'Hydrodynamics'), (483, 'Governing'), (484, 'The Illustrated Man'), (485, 'The Science Of Avatar'), (486, 'Wissenschaft der Logik'), (487, 'The principles of science'), (488, 'Teaching science through discovery'), (489, 'Python Data Science Handbook'), (490, 'The Science of Self-Learning'), (491, 'Who Goes There?'), (492, 'A history of science'), (493, 'Forensic and legal psychology'), (494, 'Understanding the political world'), (495, 'The Science of Mind'), (496, 'A symposium on the utilization of coal, arranged by the British Science Guild and held in the lecture theatre of the Royal Institution, Monday, 27th March, 1933. Chairman: H. T. Tizard.'), (497, 'Where Do Chicks Come From?'), (498, 'The Best from Fantasy and Science Fiction (series, needs splitting)'), (499, 'Archaeology'), (500, 'The Hindu-Yogi Science of Breath');
INSERT INTO BIB_Buch (id, titel) VALUES (501, 'The Fifth Science'), (502, 'Biostatistics for the biological and health sciences'), (503, 'ADHD 2. 0'), (504, 'Neuromancer'), (505, 'An introduction to management science'), (506, 'Intro to Python for Computer Science and Data Science'), (507, 'Light-- science and magic'), (508, 'Food Science'), (509, 'Speech and hearing science'), (510, 'The Forever War'), (511, 'Ficciones'), (512, 'Smoke and Mirrors'), (513, 'Trigger Warning'), (514, 'An introduction to fiction'), (515, 'Writing Fiction'), (516, 'The Things They Carried'), (517, 'Collected Fictions'), (518, 'The Overstory'), (519, 'How to Write Best-Selling Fiction'), (520, 'What if?'), (521, 'Funhouse'), (522, 'Fragile Things'), (523, 'The Power'), (524, 'The craft of fiction'), (525, 'Leviathan'), (526, 'Azadi'), (527, 'The Sympathizer'), (528, 'El tesoro di Rapa Nui'), (529, 'Frenzied fiction'), (530, 'Children''s fiction in the hands of the translators'), (531, 'Killer fiction'), (532, 'Stranger Than Fiction'), (533, 'Bagombo Snuff Box'), (534, 'The rhetoric of fiction'), (535, 'Men of Iron'), (536, 'Excession'), (537, 'Galápagos'), (538, 'Pulp fiction'), (539, 'Literature--An Introduction to Fiction, Poetry, Drama and Writing--Eleventh Edition'), (540, 'Fiction Writer''s Workshop'), (541, 'How to analyze fiction'), (542, 'Understanding fiction'), (543, 'We''re All Puppets 2020'), (544, 'Pricksongs and Descants'), (545, 'The Norton Anthology of Short Fiction--Shorter Eighth Edition'), (546, 'Literacy World Fiction'), (547, 'PM Fiction Plus'), (548, 'Women and Fiction'), (549, 'The Underground Railroad'), (550, 'Understanding fiction -- Second Edition'), (551, 'Linden Hills'), (552, 'Detransition, Baby'), (553, 'How fiction works'), (554, 'An introduction to literature'), (555, 'Documentary'), (556, 'Narrative fiction'), (557, 'Three Genres'), (558, 'Fact, fiction and forecast'), (559, 'The Longman anthology of detective fiction'), (560, 'Lord of Light'), (561, 'How to live safely in a science fictional universe'), (562, 'The Big Book of Science Fiction'), (563, 'Youth'), (564, 'How to Analyze Fiction'), (565, 'Fiction 100'), (566, 'Rite of Passage'), (567, 'Ubik'), (568, 'Rejection'), (569, 'Pocket Gde to Sketching Lb'), (570, 'Quarantine'), (571, 'The Science Fiction Hall of Fame -- Volume Two A'), (572, 'Midworld'), (573, 'Pack up and sketch'), (574, 'One crazy summer'), (575, 'New sudden fiction'), (576, 'Science Fiction Hall of Fame--Volume Two B'), (577, 'Driftglass'), (578, 'Lost in the funhouse'), (579, 'Neil Gaiman Reader'), (580, 'Pebble in the Sky'), (581, 'Asimov on science fiction [55 essays]'), (582, 'Postmodernist fiction'), (583, 'Political fictions'), (584, 'The essential Clive Barker'), (585, 'Science Fiction. The Great Years'), (586, 'Making Shapely Fiction'), (587, 'Isaac Asimov''s Masters of Science Fiction'), (588, 'Consider Phlebas'), (589, 'Stranger in a Strange Land'), (590, 'Virtual light'), (591, 'The passion'), (592, 'Beasts and Super-Beasts Illustrated'), (593, 'The Norton Book of Science Fiction'), (594, 'Six suspects'), (595, 'Short Fiction'), (596, 'Secret Societies (Fact or Fiction)'), (597, 'Triton'), (598, 'Wonderbook: The Illustrated Guide to Creating Imaginative Fiction'), (599, 'Science Fiction Bestiary'), (600, 'Macho sluts');
INSERT INTO BIB_Buch (id, titel) VALUES (601, 'Science Fiction'), (602, 'Stone Cold (Puffin Teenage Fiction)'), (603, 'Metafiction'), (604, 'Nemesis'), (605, 'Writing fiction for dummies'), (606, 'Science fiction, science fact'), (607, 'A passion for narrative'), (608, 'The writing of fiction'), (609, 'Omnibus of science fiction'), (610, 'Riding the Flume'), (611, 'Literature--reading fiction, poetry, drama, and the essay'), (612, 'Eon'), (613, 'The art of fiction'), (614, 'Tomorrow, the Stars'), (615, 'Dragondrums'), (616, 'Flash fiction'), (617, 'Earth is Room Enough'), (618, 'The 13 crimes of science fiction'), (619, 'grl2grl'), (620, 'Plotting and writing suspense fiction'), (621, 'Imperium'), (622, 'Walking the clouds'), (623, 'City'), (624, 'While mortals sleep'), (625, 'The Best Science Fiction and Fantasy of the Year, Volume Three'), (626, 'Tunnel in the sky'), (627, 'Circe'), (628, 'Echoes'), (629, 'Fifty short science fiction tales'), (630, 'Masterpieces'), (631, 'The mammoth encyclopedia of science fiction'), (632, 'Eye'), (633, 'Jane Austen, feminism and fiction'), (634, 'Science Fictions'), (635, 'Self-editing for fiction writers'), (636, 'Galaxy'), (637, 'Deus Irae'), (638, 'Fiction'), (639, 'The Mammoth Book of Golden Age Science Fiction'), (640, 'Writing fiction'), (641, 'Criticism and fiction'), (642, 'The Sentinel'), (643, 'The Gray Prince, A Science Fiction Novel'), (644, 'Talking about detective fiction'), (645, 'Dragonsinger'), (646, 'Inconstant moon'), (647, 'Vanishing Acts'), (648, 'The Science Fictional Solar System'), (649, 'The Martian Way and Other Stories'), (650, 'The supernatural in romantic fiction'), (651, 'The Year''s Best Science Fiction - Sixteenth Annual Collection'), (652, 'Microcosmic Tales'), (653, 'Postmodern American fiction'), (654, 'A Legal Fiction'), (655, 'Literature'), (656, 'Less'), (657, 'Dies the fire'), (658, 'The Art of Fiction'), (659, 'Dying Inside'), (660, '13 great stories of science fiction'), (661, 'The Scribner Anthology of Contemporary Short Fiction'), (662, 'Blind Promises'), (663, 'Baker''s dozen -- 13 short science fiction novels'), (664, 'Schismatrix Plus'), (665, 'Gospel fictions'), (666, 'Whipping Star'), (667, 'Irish Hearts (Irish Rose / Irish Thoroughbred)'), (668, 'Olive Kitteridge'), (669, 'Amazing stories'), (670, 'Fiction Writer''s Handbook'), (671, 'Non-fiction books'), (672, 'The Norton anthology of short fiction--Sixth Shorter Edition'), (673, 'Dukes are Forever'), (674, 'Tales from Margaritaville'), (675, 'Second Foundation'), (676, 'Before the Golden Age'), (677, 'Fanny'), (678, 'Paperbacks from Hell'), (679, 'The End of Eternity'), (680, 'The Dosadi Experiment'), (681, 'Microworlds'), (682, 'Great Science Fiction'), (683, 'The Norton anthology of short fiction--Seventh edition'), (684, 'Writing Crime Fiction (Books for Writers)'), (685, 'Dark Matter'), (686, 'Writing science fiction and fantasy'), (687, 'A Blink of the Screen'), (688, 'Living by Fiction'), (689, 'The Queen''s confession'), (690, 'Discovering fiction'), (691, 'The Time Machine'), (692, 'Short Fiction, Classic and Contemporary -- Second Edition'), (693, 'The Wanting Seed'), (694, 'Sing, Unburied, Sing'), (695, 'Nightfall two'), (696, 'Waiting for an angel'), (697, 'The World of Mystery Fiction'), (698, 'The best science fiction of Isaac Asimov'), (699, 'Creating short fiction'), (700, 'Alien Sex');
INSERT INTO BIB_Buch (id, titel) VALUES (701, 'Selected non-fictions'), (702, 'Beloved'), (703, 'Group Textual Study of Fiction in the Primary School (Group Textual Study of Fiction in Primary & Middle Schools)'), (704, 'Fiction and the figures of life'), (705, 'Radio Free Albemuth'), (706, 'All I Ever Want Is You'), (707, 'Living With the Enemy'), (708, 'Octavia''s Brood'), (709, 'Imaginative Sex'), (710, 'You are not so smart'), (711, 'Sexual fiction'), (712, 'Sylvia'), (713, 'Currency trading for dummies'), (714, 'Fiction River'), (715, 'The fantasy fiction formula'), (716, 'Pig Tales'), (717, 'Double Star'), (718, 'Levitation'), (719, 'Writing historical fiction'), (720, 'She was only mine :a true love story adapted into fiction'), (721, 'Islands in the Sky'), (722, 'The mammoth book of pulp fiction'), (723, 'Table for Two'), (724, 'Chains of the sea'), (725, 'Wandering Stars'), (726, 'Six promenades dans les bois du roman et d''ailleurs'), (727, 'What Young India Wants: Selected Non-Fiction'), (728, 'Dangerous'), (729, 'Borderlands 5'), (730, 'The Second IF Reader of Science Fiction'), (731, 'The motion of light in water'), (732, 'How to write horror fiction'), (733, 'Dragonsong'), (734, 'The Encyclopedia of Science Fiction'), (735, 'The Lumberjack''s Bride'), (736, 'The Currents of Space'), (737, 'The Year''s Best Science Fiction'), (738, 'House of Eve'), (739, 'Exploring Science Fiction'), (740, 'Meanwhile, Elsewhere'), (741, 'A talent for war'), (742, 'Micro Fiction'), (743, 'The mind manipulators'), (744, 'Don''t Explain'), (745, 'A fan''s notes'), (746, 'The Norton Anthology of Short Fiction -- Shorter Seventh Edition'), (747, 'What your girl don''t know'), (748, 'Shipstar: A Science Fiction Novel'), (749, 'Petal parade'), (750, 'Every day is for the thief'), (751, 'Victorian women''s fiction'), (752, 'Trauma and survival in contemporary fiction'), (753, 'Mary'), (754, 'The Craft of Fiction'), (755, 'Pandora'), (756, 'Science fact/fiction'), (757, 'Red Planet'), (758, 'Literature and Its Writers'), (759, 'The Goldfinch'), (760, 'Jeffrey Archer'), (761, 'Exciting Times'), (762, 'Best science fiction stories of Clifford Simak'), (763, 'The Secret History'), (764, 'A People''s History of the United States'), (765, 'Sapiens'), (766, 'A Brief History of Time'), (767, 'A short history of nearly everything'), (768, 'A History of Western Philosophy'), (769, 'History of the Filipino People'), (770, 'A Study of History'), (771, 'Salt'), (772, 'The Enduring Vision'), (773, 'Maus I'), (774, 'The History of Love'), (775, 'Sofies verden'), (776, 'At Home'), (777, 'Art history'), (778, 'A history of the modern world'), (779, 'The Lessons of History'), (780, 'Ἱστορίαι'), (781, 'The History and Culture of Pakistan'), (782, 'Babel'), (783, 'Zero History'), (784, 'Historical Atlas of the World'), (785, 'The Silk Roads'), (786, 'America'), (787, 'The Gene'), (788, 'History of architecture'), (789, 'Case Histories'), (790, 'A history of the English-speaking peoples'), (791, 'She'), (792, 'Philippine history and government'), (793, 'A Child''s History of England'), (794, 'A history of western music'), (795, 'The history of witchcraft and demonology'), (796, 'The History of Mr. Polly'), (797, 'A history of graphic design'), (798, 'A Briefer History of Time'), (799, 'History of art'), (800, 'The Sixth Extinction');
INSERT INTO BIB_Buch (id, titel) VALUES (801, 'The city in history'), (802, 'History Is All You Left Me'), (803, 'Islam'), (804, 'A Brief History Of The United States'), (805, 'A history of God'), (806, 'A history of Western architecture'), (807, 'The History of Tom Jones'), (808, 'A world history of photography'), (809, 'History of the theatre'), (810, 'Bury My Heart at Wounded Knee'), (811, 'The Rise and Fall of the Third Reich'), (812, 'The past through tomorrow'), (813, 'A concise history of Pakistan'), (814, 'Food in history'), (815, 'The Great Influenza'), (816, 'Ukraine'), (817, 'The Outline of History'), (818, 'Art'), (819, 'What happened in history'), (820, 'The  French Revolution'), (821, 'History of the Decline and Fall of the Roman Empire Complete and Unabridged'), (822, 'A history of fashion'), (823, 'The History of England from the accession of James the Second'), (824, 'True history of the Kelly gang'), (825, 'The history of British India'), (826, 'Answer to history'), (827, 'A short history of the movies'), (828, 'History of the Philippines'), (829, 'A history of narrative film'), (830, 'From slavery to freedom'), (831, 'A Comprehensive History of Assam'), (832, 'A history of India'), (833, 'India'), (834, 'History, its theory and method'), (835, 'Julius Caesar'), (836, 'Not a Passing Phase'), (837, 'Hidden from History'), (838, 'A Short History of the World'), (839, 'Janson''s history of art'), (840, 'History Of Beauty'), (841, 'A History of Political Theory'), (842, 'A History of π (PI)'), (843, 'A history of architecture'), (844, 'Vietnam'), (845, 'A little history of the world'), (846, 'An Indigenous Peoples'' History of the United States'), (847, 'The Cold War'), (848, 'Medieval Europe'), (849, 'The End of History and the Last Man'), (850, 'Making History (Airport Ed)'), (851, 'The Unfinished Nation'), (852, 'Sozialgeschichte der Kunst und Literatur'), (853, 'David Copperfield'), (854, 'Witchcraft'), (855, 'India after Gandhi'), (856, 'Pakistan History, Culture, and Government'), (857, 'History of Africa'), (858, 'Documentary sources of Philippine history'), (859, 'The history of spiritualism'), (860, 'The History Boys'), (861, 'Secret History'), (862, 'The Ancient World'), (863, 'World War Z'), (864, 'Prentice Hall World History'), (865, 'The Information'), (866, 'A Brief History of Neoliberalism'), (867, 'Film history'), (868, 'What is history?'), (869, 'A Critical History of Western Philosophy'), (870, 'Constitutional and political history of Pakistan'), (871, 'These Truths'), (872, 'ההיסטוריה של המחר'), (873, 'The world history of animation'), (874, 'La storia'), (875, 'The First World War'), (876, 'The ascent of money'), (877, 'The armies of the night'), (878, 'A History of Warfare'), (879, 'Elizabeth and Essex'), (880, 'A critical history of English literature'), (881, 'Give Me Liberty!'), (882, 'World History'), (883, 'Energy in world history'), (884, 'Histoire de la sexualité'), (885, 'Philosophy'), (886, 'New Testament history'), (887, 'The nature of history'), (888, 'History of Egypt, Chaldea, Syria, Babylonia, And Assyria'), (889, 'Western Civilizations'), (890, 'History & Geography'), (891, 'History Of Communication Study'), (892, 'How Democracies Die'), (893, 'Library'), (894, 'Caesar and Cleopatra'), (895, 'Sex in history'), (896, 'A history of the English language'), (897, 'Herball'), (898, 'Education Since 1700 (Heinemann History)'), (899, 'Dr Goldsmith''s Roman history'), (900, 'A new history of India');
INSERT INTO BIB_Buch (id, titel) VALUES (901, 'Ignition!'), (902, 'Transgender History (Seal Studies)'), (903, 'The history of jazz'), (904, 'Stamped from the Beginning'), (905, 'The history of Atlantis'), (906, 'Discovering art history'), (907, 'A Brief History of Seven Killings'), (908, 'Where good ideas come from'), (909, 'Lies My Teacher Told Me'), (910, 'History of the World'), (911, 'The American South'), (912, 'History of India'), (913, 'A Natural History of the Senses'), (914, 'Game of Thrones'), (915, 'Doctor Faustus'), (916, 'A different mirror'), (917, 'Understanding movies'), (918, 'A history of reading'), (919, 'The occult'), (920, 'The Color of Law'), (921, 'Can''t stop, won''t stop'), (922, 'A queer history of the United States'), (923, 'A history of Russia'), (924, 'A Really Short History of Nearly Everything'), (925, 'A history of modern Europe'), (926, 'The Indian Wars'), (927, 'Before the Mayflower'), (928, '[13] chapters of a history of Belize'), (929, '"The Good War"'), (930, 'War & genocide'), (931, 'Bienes historie'), (932, 'History of modern art'), (933, 'A History of Interior Design'), (934, 'An Arabian tale'), (935, 'Jazz Styles'), (936, 'The history of the Peleponnesian war'), (937, 'On heroes, hero-worship and the heroic in history'), (938, 'History of central banking and the enslavement of mankind'), (939, 'Making History'), (940, 'Historia universal de la infamia'), (941, 'The history of America'), (942, 'Graphic design history'), (943, 'History of Love'), (944, 'Don Quijote de la Mancha'), (945, 'Zen'), (946, 'History of the Peloponnesian War'), (947, 'History of Cleopatra, queen of Egypt'), (948, 'Ecclesiastical history'), (949, 'Xerxes'), (950, 'The history of the Peloponnesian war, translated from the Greek of Thucydides. ... By William Smith, ..'), (951, 'History of economic thought'), (952, 'The Secret History of Wonder Woman'), (953, 'History of William the Conqueror'), (954, 'A history of English literature'), (955, 'Fascism'), (956, 'Black Women in White America'), (957, 'A history of building types'), (958, 'Patterns of world history'), (959, 'The frontier in American history'), (960, 'History of twentieth century fashion'), (961, 'Understanding International Conflicts'), (962, 'Stories from Sikh history'), (963, 'Dancing through history'), (964, 'Omnivore''s Dilemma. A Natural History of Four Meals'), (965, 'Himachal Pradesh, history, culture, and economy'), (966, 'Groundwork of Nigerian History'), (967, 'A history of Asia'), (968, 'The World Is Flat -A Brief History OF THE TWENTY-FIRST CENTURY'), (969, 'WORLD HISTORY OF ART'), (970, 'Creating Black Americans'), (971, 'Graphic design'), (972, 'A Short History of England'), (973, 'World History for Dummies'), (974, 'A Global History of Architecture'), (975, 'An introduction to the history of psychology'), (976, 'The Illustrated A Brief History of Time / The Universe in a Nutshell'), (977, 'Art Through the Ages'), (978, 'The History of Art : A Global View'), (979, 'A history of Far Eastern art'), (980, 'The Tragical History of the Life and Death of Doctor Faustus'), (981, 'A History of US-All the People 1945-1996 #10'), (982, 'A concise history of modern painting'), (983, 'History of Friedrich II of Prussia'), (984, 'The influence of sea power upon history, 1660-1783'), (985, 'The history of White people'), (986, 'History of psychology'), (987, 'A history of modern Japan'), (988, 'Cannabis'), (989, 'Prehispanic source materials for the study of Philippine history'), (990, 'Area 51'), (991, 'The history of the Yorubas'), (992, 'A history of modern psychology'), (993, 'From the tablets of Sumer'), (994, 'Introduction to Church History'), (995, 'Living history'), (996, 'A history of news'), (997, 'History and systems of psychology'), (998, 'A history of philosophy'), (999, 'A survey of Kerala history'), (1000, 'Historiae');

-- Linking Authors and Books
INSERT INTO BIB_Autorin_Buch (autorin_id, buch_id) VALUES (43, 1), (510, 2), (745, 3), (441, 4), (342, 5), (185, 6), (114, 7), (685, 8), (791, 9), (87, 10), (358, 11), (307, 12), (102, 13), (505, 14), (795, 15), (771, 16), (438, 17), (490, 18), (43, 19), (253, 20), (264, 21), (24, 22), (676, 23), (4, 24), (455, 25), (288, 26), (671, 27), (833, 28), (126, 29), (837, 30), (156, 31), (766, 32), (312, 33), (410, 34), (113, 35), (295, 36), (781, 37), (484, 38), (639, 39), (710, 40), (169, 41), (242, 42), (721, 43), (749, 44), (739, 45), (539, 46), (276, 47), (523, 48), (648, 49), (713, 50), (400, 51), (422, 52), (833, 53), (484, 54), (508, 55), (593, 56), (637, 57), (664, 58), (189, 59), (37, 60), (460, 61), (672, 62), (128, 63), (15, 64), (473, 65), (410, 66), (820, 67), (833, 68), (552, 69), (444, 70), (575, 71), (390, 72), (416, 73), (279, 74), (443, 75), (838, 76), (173, 77), (636, 78), (257, 79), (478, 80), (686, 81), (145, 82), (153, 83), (358, 84), (173, 85), (35, 86), (99, 87), (16, 88), (522, 89), (132, 90), (624, 91), (540, 92), (29, 93), (240, 94), (742, 95), (173, 96), (300, 97), (458, 98), (508, 99), (800, 100);
INSERT INTO BIB_Autorin_Buch (autorin_id, buch_id) VALUES (378, 101), (181, 102), (556, 103), (769, 104), (682, 105), (174, 106), (716, 107), (266, 108), (753, 109), (18, 110), (691, 111), (195, 112), (119, 113), (419, 114), (539, 115), (693, 116), (456, 117), (782, 118), (120, 119), (545, 120), (570, 121), (383, 122), (708, 123), (6, 124), (158, 125), (441, 126), (184, 127), (78, 128), (738, 129), (338, 130), (164, 131), (183, 132), (535, 133), (26, 134), (404, 135), (533, 136), (353, 137), (568, 138), (674, 139), (536, 140), (833, 141), (696, 142), (106, 143), (775, 144), (294, 145), (150, 146), (494, 147), (618, 148), (132, 149), (547, 150), (322, 151), (153, 152), (656, 153), (618, 154), (620, 155), (83, 156), (316, 157), (737, 158), (107, 159), (619, 160), (414, 161), (533, 162), (418, 163), (484, 164), (662, 165), (259, 166), (761, 167), (803, 168), (743, 169), (65, 170), (144, 171), (6, 172), (841, 173), (90, 174), (694, 175), (226, 176), (528, 177), (157, 178), (618, 179), (569, 180), (55, 181), (336, 182), (630, 183), (763, 184), (108, 185), (611, 186), (173, 187), (133, 188), (750, 189), (401, 190), (692, 191), (34, 192), (137, 193), (646, 194), (345, 195), (569, 196), (20, 197), (375, 198), (450, 199), (653, 200);
INSERT INTO BIB_Autorin_Buch (autorin_id, buch_id) VALUES (314, 201), (571, 202), (140, 203), (603, 204), (707, 205), (617, 206), (635, 207), (780, 208), (92, 209), (706, 210), (97, 211), (633, 212), (515, 213), (794, 214), (261, 215), (447, 216), (709, 217), (468, 218), (640, 219), (442, 220), (215, 221), (363, 222), (802, 223), (835, 224), (634, 225), (185, 226), (45, 227), (197, 228), (421, 229), (594, 230), (604, 231), (758, 232), (548, 233), (139, 234), (43, 235), (489, 236), (378, 237), (712, 238), (396, 239), (81, 240), (505, 241), (248, 242), (737, 243), (34, 244), (698, 245), (384, 246), (182, 247), (155, 248), (688, 249), (481, 250), (768, 251), (807, 252), (360, 253), (520, 254), (666, 255), (667, 256), (77, 257), (612, 258), (255, 259), (336, 260), (200, 261), (431, 262), (818, 263), (304, 264), (678, 265), (831, 266), (767, 267), (326, 268), (369, 269), (222, 270), (241, 271), (252, 272), (281, 273), (365, 274), (579, 275), (380, 276), (85, 277), (746, 278), (393, 279), (805, 280), (554, 281), (122, 282), (445, 283), (373, 284), (665, 285), (513, 286), (57, 287), (327, 288), (660, 289), (75, 290), (474, 291), (711, 292), (359, 293), (89, 294), (10, 295), (773, 296), (513, 297), (513, 298), (395, 299), (356, 300);
INSERT INTO BIB_Autorin_Buch (autorin_id, buch_id) VALUES (32, 301), (512, 302), (343, 303), (469, 304), (149, 305), (318, 306), (1, 307), (808, 308), (39, 309), (482, 310), (778, 311), (217, 312), (610, 313), (191, 314), (736, 315), (336, 316), (250, 317), (235, 318), (405, 319), (360, 320), (812, 321), (625, 322), (576, 323), (767, 324), (258, 325), (308, 326), (79, 327), (797, 328), (600, 329), (747, 330), (700, 331), (793, 332), (822, 333), (71, 334), (459, 335), (80, 336), (38, 337), (429, 338), (747, 339), (327, 340), (807, 341), (584, 342), (486, 343), (103, 344), (170, 345), (477, 346), (428, 347), (562, 348), (689, 349), (592, 350), (186, 351), (352, 352), (501, 353), (3, 354), (580, 355), (271, 356), (225, 357), (84, 358), (69, 359), (577, 360), (8, 361), (28, 362), (336, 363), (670, 364), (238, 365), (172, 366), (372, 367), (654, 368), (247, 369), (720, 370), (143, 371), (138, 372), (424, 373), (309, 374), (336, 375), (336, 376), (452, 377), (135, 378), (561, 379), (117, 380), (807, 381), (340, 382), (362, 383), (680, 384), (582, 385), (54, 386), (767, 387), (351, 388), (318, 389), (527, 390), (544, 391), (220, 392), (790, 393), (19, 394), (659, 395), (63, 396), (755, 397), (23, 398), (476, 399), (503, 400);
INSERT INTO BIB_Autorin_Buch (autorin_id, buch_id) VALUES (678, 401), (513, 402), (811, 403), (311, 404), (480, 405), (31, 406), (254, 407), (151, 408), (289, 409), (371, 410), (585, 411), (493, 412), (84, 413), (223, 414), (754, 415), (341, 416), (463, 417), (344, 418), (274, 419), (2, 420), (320, 421), (218, 422), (377, 423), (304, 424), (180, 425), (767, 426), (80, 427), (328, 428), (327, 429), (355, 430), (531, 431), (625, 432), (451, 433), (465, 434), (436, 435), (176, 436), (842, 437), (601, 438), (526, 439), (268, 440), (553, 441), (136, 442), (587, 443), (785, 444), (675, 445), (290, 446), (673, 447), (420, 448), (479, 449), (784, 450), (42, 451), (760, 452), (589, 453), (91, 454), (56, 455), (204, 456), (511, 457), (453, 458), (17, 459), (645, 460), (337, 461), (30, 462), (532, 463), (63, 464), (827, 465), (464, 466), (497, 467), (809, 468), (306, 469), (62, 470), (735, 471), (582, 472), (318, 473), (148, 474), (328, 475), (112, 476), (817, 477), (434, 478), (407, 479), (701, 480), (46, 481), (722, 482), (70, 483), (644, 484), (728, 485), (262, 486), (834, 487), (61, 488), (354, 489), (616, 490), (423, 491), (273, 492), (499, 493), (364, 494), (224, 495), (93, 496), (41, 497), (201, 498), (502, 499), (840, 500);
INSERT INTO BIB_Autorin_Buch (autorin_id, buch_id) VALUES (229, 501), (491, 502), (202, 503), (823, 504), (163, 505), (605, 506), (233, 507), (579, 508), (815, 509), (394, 510), (426, 511), (555, 512), (555, 513), (727, 514), (368, 515), (779, 516), (426, 517), (657, 518), (166, 519), (49, 520), (179, 521), (555, 522), (550, 523), (609, 524), (602, 525), (67, 526), (798, 527), (207, 528), (732, 529), (284, 530), (251, 531), (124, 532), (462, 533), (810, 534), (330, 535), (334, 536), (462, 537), (628, 538), (454, 539), (432, 540), (804, 541), (125, 542), (572, 543), (668, 544), (652, 545), (439, 546), (642, 547), (756, 548), (131, 549), (125, 550), (283, 551), (788, 552), (367, 553), (759, 554), (221, 555), (718, 556), (733, 557), (558, 558), (167, 559), (683, 560), (115, 561), (47, 562), (336, 563), (828, 564), (361, 565), (27, 566), (626, 567), (787, 568), (573, 569), (290, 570), (76, 571), (14, 572), (783, 573), (663, 574), (677, 575), (76, 576), (705, 577), (397, 578), (555, 579), (336, 580), (336, 581), (88, 582), (392, 583), (129, 584), (104, 585), (385, 586), (269, 587), (334, 588), (666, 589), (823, 590), (379, 591), (333, 592), (790, 593), (799, 594), (644, 595), (748, 596), (705, 597), (382, 598), (678, 599), (599, 600);
INSERT INTO BIB_Autorin_Buch (autorin_id, buch_id) VALUES (597, 601), (679, 602), (598, 603), (627, 604), (643, 605), (336, 606), (347, 607), (192, 608), (134, 609), (595, 610), (669, 611), (289, 612), (161, 613), (666, 614), (50, 615), (776, 616), (336, 617), (336, 618), (440, 619), (596, 620), (310, 621), (285, 622), (127, 623), (462, 624), (425, 625), (666, 626), (485, 627), (287, 628), (336, 629), (587, 630), (272, 631), (239, 632), (492, 633), (751, 634), (649, 635), (249, 636), (626, 637), (231, 638), (336, 639), (632, 640), (819, 641), (63, 642), (349, 643), (591, 644), (50, 645), (464, 646), (213, 647), (336, 648), (336, 649), (203, 650), (256, 651), (336, 652), (608, 653), (210, 654), (147, 655), (44, 656), (697, 657), (402, 658), (678, 659), (134, 660), (530, 661), (177, 662), (110, 663), (95, 664), (641, 665), (239, 666), (574, 667), (212, 668), (336, 669), (813, 670), (529, 671), (632, 672), (48, 673), (389, 674), (336, 675), (336, 676), (194, 677), (286, 678), (336, 679), (239, 680), (724, 681), (336, 682), (652, 683), (301, 684), (714, 685), (256, 686), (767, 687), (51, 688), (205, 689), (437, 690), (296, 691), (111, 692), (53, 693), (386, 694), (336, 695), (317, 696), (214, 697), (336, 698), (146, 699), (213, 700);
INSERT INTO BIB_Autorin_Buch (autorin_id, buch_id) VALUES (426, 701), (786, 702), (487, 703), (824, 704), (626, 705), (566, 706), (466, 707), (806, 708), (415, 709), (162, 710), (517, 711), (470, 712), (94, 713), (232, 714), (168, 715), (495, 716), (666, 717), (141, 718), (651, 719), (7, 720), (63, 721), (519, 722), (40, 723), (263, 724), (346, 725), (789, 726), (118, 727), (370, 728), (208, 729), (249, 730), (705, 731), (821, 732), (50, 733), (398, 734), (374, 735), (336, 736), (256, 737), (699, 738), (171, 739), (105, 740), (348, 741), (385, 742), (21, 743), (387, 744), (244, 745), (652, 746), (801, 747), (292, 748), (74, 749), (764, 750), (717, 751), (467, 752), (514, 753), (609, 754), (829, 755), (193, 756), (666, 757), (116, 758), (187, 759), (525, 760), (549, 761), (127, 762), (187, 763), (331, 764), (843, 765), (731, 766), (82, 767), (80, 768), (765, 769), (59, 770), (500, 771), (606, 772), (60, 773), (563, 774), (433, 775), (82, 776), (496, 777), (631, 778), (814, 779), (844, 780), (564, 781), (629, 782), (823, 783), (324, 784), (614, 785), (267, 786), (719, 787), (234, 788), (449, 789), (836, 790), (302, 791), (291, 792), (109, 793), (293, 794), (543, 795), (296, 796), (623, 797), (731, 798), (303, 799), (211, 800);
INSERT INTO BIB_Autorin_Buch (autorin_id, buch_id) VALUES (475, 801), (9, 802), (446, 803), (36, 804), (446, 805), (165, 806), (319, 807), (551, 808), (588, 809), (175, 810), (830, 811), (666, 812), (546, 813), (647, 814), (412, 815), (586, 816), (296, 817), (245, 818), (792, 819), (772, 820), (198, 821), (339, 822), (770, 823), (613, 824), (297, 825), (542, 826), (277, 827), (101, 828), (152, 829), (406, 830), (695, 831), (684, 832), (408, 833), (73, 834), (350, 835), (472, 836), (506, 837), (296, 838), (303, 839), (789, 840), (270, 841), (622, 842), (723, 843), (726, 844), (190, 845), (690, 846), (411, 847), (100, 848), (237, 849), (730, 850), (12, 851), (58, 852), (109, 853), (534, 854), (638, 855), (565, 856), (457, 857), (291, 858), (64, 859), (11, 860), (86, 861), (142, 862), (518, 863), (206, 864), (360, 865), (159, 866), (461, 867), (199, 868), (839, 869), (305, 870), (388, 871), (843, 872), (729, 873), (216, 874), (409, 875), (559, 876), (578, 877), (409, 878), (282, 879), (154, 880), (219, 881), (206, 882), (796, 883), (537, 884), (702, 885), (96, 886), (66, 887), (260, 888), (430, 889), (13, 890), (228, 891), (744, 892), (516, 893), (265, 894), (647, 895), (22, 896), (403, 897), (607, 898), (583, 899), (725, 900);
INSERT INTO BIB_Autorin_Buch (autorin_id, buch_id) VALUES (399, 901), (757, 902), (762, 903), (335, 904), (476, 905), (275, 906), (504, 907), (741, 908), (366, 909), (509, 910), (826, 911), (329, 912), (178, 913), (325, 914), (123, 915), (687, 916), (483, 917), (25, 918), (130, 919), (658, 920), (381, 921), (524, 922), (560, 923), (82, 924), (413, 925), (101, 926), (471, 927), (68, 928), (752, 929), (188, 930), (488, 931), (298, 932), (417, 933), (816, 934), (498, 935), (777, 936), (772, 937), (734, 938), (121, 939), (426, 940), (832, 941), (740, 942), (563, 943), (538, 944), (313, 945), (777, 946), (350, 947), (227, 948), (350, 949), (777, 950), (299, 951), (388, 952), (350, 953), (196, 954), (681, 955), (278, 956), (567, 957), (621, 958), (246, 959), (209, 960), (427, 961), (448, 962), (391, 963), (531, 964), (521, 965), (581, 966), (650, 967), (774, 968), (332, 969), (557, 970), (655, 971), (280, 972), (615, 973), (236, 974), (72, 975), (731, 976), (315, 977), (376, 978), (715, 979), (123, 980), (435, 981), (321, 982), (772, 983), (33, 984), (557, 985), (160, 986), (661, 987), (507, 988), (825, 989), (52, 990), (703, 991), (98, 992), (704, 993), (230, 994), (323, 995), (541, 996), (357, 997), (243, 998), (5, 999), (590, 1000);

-- Inserting Book Copies (Buchexemplare)
INSERT INTO BIB_Buchexemplar (code, buch_id) VALUES (200000, 1), (200001, 2), (200002, 3), (200003, 4), (200004, 5), (200005, 6), (200006, 7), (200007, 8), (200008, 9), (200009, 10), (200010, 11), (200011, 12), (200012, 13), (200013, 14), (200014, 15), (200015, 16), (200016, 17), (200017, 18), (200018, 19), (200019, 20), (200020, 21), (200021, 22), (200022, 23), (200023, 24), (200024, 25), (200025, 26), (200026, 27), (200027, 28), (200028, 29), (200029, 30), (200030, 31), (200031, 32), (200032, 33), (200033, 34), (200034, 35), (200035, 36), (200036, 37), (200037, 38), (200038, 39), (200039, 40), (200040, 41), (200041, 42), (200042, 43), (200043, 44), (200044, 45), (200045, 46), (200046, 47), (200047, 48), (200048, 49), (200049, 50), (200050, 51), (200051, 52), (200052, 53), (200053, 54), (200054, 55), (200055, 56), (200056, 57), (200057, 58), (200058, 59), (200059, 60), (200060, 61), (200061, 62), (200062, 63), (200063, 64), (200064, 65), (200065, 66), (200066, 67), (200067, 68), (200068, 69), (200069, 70), (200070, 71), (200071, 72), (200072, 73), (200073, 74), (200074, 75), (200075, 76), (200076, 77), (200077, 78), (200078, 79), (200079, 80), (200080, 81), (200081, 82), (200082, 83), (200083, 84), (200084, 85), (200085, 86), (200086, 87), (200087, 88), (200088, 89), (200089, 90), (200090, 91), (200091, 92), (200092, 93), (200093, 94), (200094, 95), (200095, 96), (200096, 97), (200097, 98), (200098, 99), (200099, 100);
INSERT INTO BIB_Buchexemplar (code, buch_id) VALUES (200100, 101), (200101, 102), (200102, 103), (200103, 104), (200104, 105), (200105, 106), (200106, 107), (200107, 108), (200108, 109), (200109, 110), (200110, 111), (200111, 112), (200112, 113), (200113, 114), (200114, 115), (200115, 116), (200116, 117), (200117, 118), (200118, 119), (200119, 120), (200120, 121), (200121, 122), (200122, 123), (200123, 124), (200124, 125), (200125, 126), (200126, 127), (200127, 128), (200128, 129), (200129, 130), (200130, 131), (200131, 132), (200132, 133), (200133, 134), (200134, 135), (200135, 136), (200136, 137), (200137, 138), (200138, 139), (200139, 140), (200140, 141), (200141, 142), (200142, 143), (200143, 144), (200144, 145), (200145, 146), (200146, 147), (200147, 148), (200148, 149), (200149, 150), (200150, 151), (200151, 152), (200152, 153), (200153, 154), (200154, 155), (200155, 156), (200156, 157), (200157, 158), (200158, 159), (200159, 160), (200160, 161), (200161, 162), (200162, 163), (200163, 164), (200164, 165), (200165, 166), (200166, 167), (200167, 168), (200168, 169), (200169, 170), (200170, 171), (200171, 172), (200172, 173), (200173, 174), (200174, 175), (200175, 176), (200176, 177), (200177, 178), (200178, 179), (200179, 180), (200180, 181), (200181, 182), (200182, 183), (200183, 184), (200184, 185), (200185, 186), (200186, 187), (200187, 188), (200188, 189), (200189, 190), (200190, 191), (200191, 192), (200192, 193), (200193, 194), (200194, 195), (200195, 196), (200196, 197), (200197, 198), (200198, 199), (200199, 200);
INSERT INTO BIB_Buchexemplar (code, buch_id) VALUES (200200, 201), (200201, 202), (200202, 203), (200203, 204), (200204, 205), (200205, 206), (200206, 207), (200207, 208), (200208, 209), (200209, 210), (200210, 211), (200211, 212), (200212, 213), (200213, 214), (200214, 215), (200215, 216), (200216, 217), (200217, 218), (200218, 219), (200219, 220), (200220, 221), (200221, 222), (200222, 223), (200223, 224), (200224, 225), (200225, 226), (200226, 227), (200227, 228), (200228, 229), (200229, 230), (200230, 231), (200231, 232), (200232, 233), (200233, 234), (200234, 235), (200235, 236), (200236, 237), (200237, 238), (200238, 239), (200239, 240), (200240, 241), (200241, 242), (200242, 243), (200243, 244), (200244, 245), (200245, 246), (200246, 247), (200247, 248), (200248, 249), (200249, 250), (200250, 251), (200251, 252), (200252, 253), (200253, 254), (200254, 255), (200255, 256), (200256, 257), (200257, 258), (200258, 259), (200259, 260), (200260, 261), (200261, 262), (200262, 263), (200263, 264), (200264, 265), (200265, 266), (200266, 267), (200267, 268), (200268, 269), (200269, 270), (200270, 271), (200271, 272), (200272, 273), (200273, 274), (200274, 275), (200275, 276), (200276, 277), (200277, 278), (200278, 279), (200279, 280), (200280, 281), (200281, 282), (200282, 283), (200283, 284), (200284, 285), (200285, 286), (200286, 287), (200287, 288), (200288, 289), (200289, 290), (200290, 291), (200291, 292), (200292, 293), (200293, 294), (200294, 295), (200295, 296), (200296, 297), (200297, 298), (200298, 299), (200299, 300);
INSERT INTO BIB_Buchexemplar (code, buch_id) VALUES (200300, 301), (200301, 302), (200302, 303), (200303, 304), (200304, 305), (200305, 306), (200306, 307), (200307, 308), (200308, 309), (200309, 310), (200310, 311), (200311, 312), (200312, 313), (200313, 314), (200314, 315), (200315, 316), (200316, 317), (200317, 318), (200318, 319), (200319, 320), (200320, 321), (200321, 322), (200322, 323), (200323, 324), (200324, 325), (200325, 326), (200326, 327), (200327, 328), (200328, 329), (200329, 330), (200330, 331), (200331, 332), (200332, 333), (200333, 334), (200334, 335), (200335, 336), (200336, 337), (200337, 338), (200338, 339), (200339, 340), (200340, 341), (200341, 342), (200342, 343), (200343, 344), (200344, 345), (200345, 346), (200346, 347), (200347, 348), (200348, 349), (200349, 350), (200350, 351), (200351, 352), (200352, 353), (200353, 354), (200354, 355), (200355, 356), (200356, 357), (200357, 358), (200358, 359), (200359, 360), (200360, 361), (200361, 362), (200362, 363), (200363, 364), (200364, 365), (200365, 366), (200366, 367), (200367, 368), (200368, 369), (200369, 370), (200370, 371), (200371, 372), (200372, 373), (200373, 374), (200374, 375), (200375, 376), (200376, 377), (200377, 378), (200378, 379), (200379, 380), (200380, 381), (200381, 382), (200382, 383), (200383, 384), (200384, 385), (200385, 386), (200386, 387), (200387, 388), (200388, 389), (200389, 390), (200390, 391), (200391, 392), (200392, 393), (200393, 394), (200394, 395), (200395, 396), (200396, 397), (200397, 398), (200398, 399), (200399, 400);
INSERT INTO BIB_Buchexemplar (code, buch_id) VALUES (200400, 401), (200401, 402), (200402, 403), (200403, 404), (200404, 405), (200405, 406), (200406, 407), (200407, 408), (200408, 409), (200409, 410), (200410, 411), (200411, 412), (200412, 413), (200413, 414), (200414, 415), (200415, 416), (200416, 417), (200417, 418), (200418, 419), (200419, 420), (200420, 421), (200421, 422), (200422, 423), (200423, 424), (200424, 425), (200425, 426), (200426, 427), (200427, 428), (200428, 429), (200429, 430), (200430, 431), (200431, 432), (200432, 433), (200433, 434), (200434, 435), (200435, 436), (200436, 437), (200437, 438), (200438, 439), (200439, 440), (200440, 441), (200441, 442), (200442, 443), (200443, 444), (200444, 445), (200445, 446), (200446, 447), (200447, 448), (200448, 449), (200449, 450), (200450, 451), (200451, 452), (200452, 453), (200453, 454), (200454, 455), (200455, 456), (200456, 457), (200457, 458), (200458, 459), (200459, 460), (200460, 461), (200461, 462), (200462, 463), (200463, 464), (200464, 465), (200465, 466), (200466, 467), (200467, 468), (200468, 469), (200469, 470), (200470, 471), (200471, 472), (200472, 473), (200473, 474), (200474, 475), (200475, 476), (200476, 477), (200477, 478), (200478, 479), (200479, 480), (200480, 481), (200481, 482), (200482, 483), (200483, 484), (200484, 485), (200485, 486), (200486, 487), (200487, 488), (200488, 489), (200489, 490), (200490, 491), (200491, 492), (200492, 493), (200493, 494), (200494, 495), (200495, 496), (200496, 497), (200497, 498), (200498, 499), (200499, 500);
INSERT INTO BIB_Buchexemplar (code, buch_id) VALUES (200500, 501), (200501, 502), (200502, 503), (200503, 504), (200504, 505), (200505, 506), (200506, 507), (200507, 508), (200508, 509), (200509, 510), (200510, 511), (200511, 512), (200512, 513), (200513, 514), (200514, 515), (200515, 516), (200516, 517), (200517, 518), (200518, 519), (200519, 520), (200520, 521), (200521, 522), (200522, 523), (200523, 524), (200524, 525), (200525, 526), (200526, 527), (200527, 528), (200528, 529), (200529, 530), (200530, 531), (200531, 532), (200532, 533), (200533, 534), (200534, 535), (200535, 536), (200536, 537), (200537, 538), (200538, 539), (200539, 540), (200540, 541), (200541, 542), (200542, 543), (200543, 544), (200544, 545), (200545, 546), (200546, 547), (200547, 548), (200548, 549), (200549, 550), (200550, 551), (200551, 552), (200552, 553), (200553, 554), (200554, 555), (200555, 556), (200556, 557), (200557, 558), (200558, 559), (200559, 560), (200560, 561), (200561, 562), (200562, 563), (200563, 564), (200564, 565), (200565, 566), (200566, 567), (200567, 568), (200568, 569), (200569, 570), (200570, 571), (200571, 572), (200572, 573), (200573, 574), (200574, 575), (200575, 576), (200576, 577), (200577, 578), (200578, 579), (200579, 580), (200580, 581), (200581, 582), (200582, 583), (200583, 584), (200584, 585), (200585, 586), (200586, 587), (200587, 588), (200588, 589), (200589, 590), (200590, 591), (200591, 592), (200592, 593), (200593, 594), (200594, 595), (200595, 596), (200596, 597), (200597, 598), (200598, 599), (200599, 600);
INSERT INTO BIB_Buchexemplar (code, buch_id) VALUES (200600, 601), (200601, 602), (200602, 603), (200603, 604), (200604, 605), (200605, 606), (200606, 607), (200607, 608), (200608, 609), (200609, 610), (200610, 611), (200611, 612), (200612, 613), (200613, 614), (200614, 615), (200615, 616), (200616, 617), (200617, 618), (200618, 619), (200619, 620), (200620, 621), (200621, 622), (200622, 623), (200623, 624), (200624, 625), (200625, 626), (200626, 627), (200627, 628), (200628, 629), (200629, 630), (200630, 631), (200631, 632), (200632, 633), (200633, 634), (200634, 635), (200635, 636), (200636, 637), (200637, 638), (200638, 639), (200639, 640), (200640, 641), (200641, 642), (200642, 643), (200643, 644), (200644, 645), (200645, 646), (200646, 647), (200647, 648), (200648, 649), (200649, 650), (200650, 651), (200651, 652), (200652, 653), (200653, 654), (200654, 655), (200655, 656), (200656, 657), (200657, 658), (200658, 659), (200659, 660), (200660, 661), (200661, 662), (200662, 663), (200663, 664), (200664, 665), (200665, 666), (200666, 667), (200667, 668), (200668, 669), (200669, 670), (200670, 671), (200671, 672), (200672, 673), (200673, 674), (200674, 675), (200675, 676), (200676, 677), (200677, 678), (200678, 679), (200679, 680), (200680, 681), (200681, 682), (200682, 683), (200683, 684), (200684, 685), (200685, 686), (200686, 687), (200687, 688), (200688, 689), (200689, 690), (200690, 691), (200691, 692), (200692, 693), (200693, 694), (200694, 695), (200695, 696), (200696, 697), (200697, 698), (200698, 699), (200699, 700);
INSERT INTO BIB_Buchexemplar (code, buch_id) VALUES (200700, 701), (200701, 702), (200702, 703), (200703, 704), (200704, 705), (200705, 706), (200706, 707), (200707, 708), (200708, 709), (200709, 710), (200710, 711), (200711, 712), (200712, 713), (200713, 714), (200714, 715), (200715, 716), (200716, 717), (200717, 718), (200718, 719), (200719, 720), (200720, 721), (200721, 722), (200722, 723), (200723, 724), (200724, 725), (200725, 726), (200726, 727), (200727, 728), (200728, 729), (200729, 730), (200730, 731), (200731, 732), (200732, 733), (200733, 734), (200734, 735), (200735, 736), (200736, 737), (200737, 738), (200738, 739), (200739, 740), (200740, 741), (200741, 742), (200742, 743), (200743, 744), (200744, 745), (200745, 746), (200746, 747), (200747, 748), (200748, 749), (200749, 750), (200750, 751), (200751, 752), (200752, 753), (200753, 754), (200754, 755), (200755, 756), (200756, 757), (200757, 758), (200758, 759), (200759, 760), (200760, 761), (200761, 762), (200762, 763), (200763, 764), (200764, 765), (200765, 766), (200766, 767), (200767, 768), (200768, 769), (200769, 770), (200770, 771), (200771, 772), (200772, 773), (200773, 774), (200774, 775), (200775, 776), (200776, 777), (200777, 778), (200778, 779), (200779, 780), (200780, 781), (200781, 782), (200782, 783), (200783, 784), (200784, 785), (200785, 786), (200786, 787), (200787, 788), (200788, 789), (200789, 790), (200790, 791), (200791, 792), (200792, 793), (200793, 794), (200794, 795), (200795, 796), (200796, 797), (200797, 798), (200798, 799), (200799, 800);
INSERT INTO BIB_Buchexemplar (code, buch_id) VALUES (200800, 801), (200801, 802), (200802, 803), (200803, 804), (200804, 805), (200805, 806), (200806, 807), (200807, 808), (200808, 809), (200809, 810), (200810, 811), (200811, 812), (200812, 813), (200813, 814), (200814, 815), (200815, 816), (200816, 817), (200817, 818), (200818, 819), (200819, 820), (200820, 821), (200821, 822), (200822, 823), (200823, 824), (200824, 825), (200825, 826), (200826, 827), (200827, 828), (200828, 829), (200829, 830), (200830, 831), (200831, 832), (200832, 833), (200833, 834), (200834, 835), (200835, 836), (200836, 837), (200837, 838), (200838, 839), (200839, 840), (200840, 841), (200841, 842), (200842, 843), (200843, 844), (200844, 845), (200845, 846), (200846, 847), (200847, 848), (200848, 849), (200849, 850), (200850, 851), (200851, 852), (200852, 853), (200853, 854), (200854, 855), (200855, 856), (200856, 857), (200857, 858), (200858, 859), (200859, 860), (200860, 861), (200861, 862), (200862, 863), (200863, 864), (200864, 865), (200865, 866), (200866, 867), (200867, 868), (200868, 869), (200869, 870), (200870, 871), (200871, 872), (200872, 873), (200873, 874), (200874, 875), (200875, 876), (200876, 877), (200877, 878), (200878, 879), (200879, 880), (200880, 881), (200881, 882), (200882, 883), (200883, 884), (200884, 885), (200885, 886), (200886, 887), (200887, 888), (200888, 889), (200889, 890), (200890, 891), (200891, 892), (200892, 893), (200893, 894), (200894, 895), (200895, 896), (200896, 897), (200897, 898), (200898, 899), (200899, 900);
INSERT INTO BIB_Buchexemplar (code, buch_id) VALUES (200900, 901), (200901, 902), (200902, 903), (200903, 904), (200904, 905), (200905, 906), (200906, 907), (200907, 908), (200908, 909), (200909, 910), (200910, 911), (200911, 912), (200912, 913), (200913, 914), (200914, 915), (200915, 916), (200916, 917), (200917, 918), (200918, 919), (200919, 920), (200920, 921), (200921, 922), (200922, 923), (200923, 924), (200924, 925), (200925, 926), (200926, 927), (200927, 928), (200928, 929), (200929, 930), (200930, 931), (200931, 932), (200932, 933), (200933, 934), (200934, 935), (200935, 936), (200936, 937), (200937, 938), (200938, 939), (200939, 940), (200940, 941), (200941, 942), (200942, 943), (200943, 944), (200944, 945), (200945, 946), (200946, 947), (200947, 948), (200948, 949), (200949, 950), (200950, 951), (200951, 952), (200952, 953), (200953, 954), (200954, 955), (200955, 956), (200956, 957), (200957, 958), (200958, 959), (200959, 960), (200960, 961), (200961, 962), (200962, 963), (200963, 964), (200964, 965), (200965, 966), (200966, 967), (200967, 968), (200968, 969), (200969, 970), (200970, 971), (200971, 972), (200972, 973), (200973, 974), (200974, 975), (200975, 976), (200976, 977), (200977, 978), (200978, 979), (200979, 980), (200980, 981), (200981, 982), (200982, 983), (200983, 984), (200984, 985), (200985, 986), (200986, 987), (200987, 988), (200988, 989), (200989, 990), (200990, 991), (200991, 992), (200992, 993), (200993, 994), (200994, 995), (200995, 996), (200996, 997), (200997, 998), (200998, 999), (200999, 1000);
